-- MySQL dump 10.13  Distrib 8.0.41, for Linux (x86_64)
--
-- Host: localhost    Database: ooad
-- ------------------------------------------------------
-- Server version	8.0.41-0ubuntu0.22.04.1

/*!40101 SET @OLD_CHARACTER_SET_CLIENT=@@CHARACTER_SET_CLIENT */;
/*!40101 SET @OLD_CHARACTER_SET_RESULTS=@@CHARACTER_SET_RESULTS */;
/*!40101 SET @OLD_COLLATION_CONNECTION=@@COLLATION_CONNECTION */;
/*!50503 SET NAMES utf8mb4 */;
/*!40103 SET @OLD_TIME_ZONE=@@TIME_ZONE */;
/*!40103 SET TIME_ZONE='+00:00' */;
/*!40014 SET @OLD_UNIQUE_CHECKS=@@UNIQUE_CHECKS, UNIQUE_CHECKS=0 */;
/*!40014 SET @OLD_FOREIGN_KEY_CHECKS=@@FOREIGN_KEY_CHECKS, FOREIGN_KEY_CHECKS=0 */;
/*!40101 SET @OLD_SQL_MODE=@@SQL_MODE, SQL_MODE='NO_AUTO_VALUE_ON_ZERO' */;
/*!40111 SET @OLD_SQL_NOTES=@@SQL_NOTES, SQL_NOTES=0 */;

CREATE DATABASE /*!32312 IF NOT EXISTS*/ `ooad` /*!40100 DEFAULT CHARACTER SET utf8mb4 COLLATE utf8mb4_unicode_ci */;

USE `ooad`;

--
-- Table structure for table `Attendance`
--

DROP TABLE IF EXISTS `Attendance`;
/*!40101 SET @saved_cs_client     = @@character_set_client */;
/*!50503 SET character_set_client = utf8mb4 */;
CREATE TABLE `Attendance` (
  `attendance_id` int NOT NULL AUTO_INCREMENT,
  `session_id` int NOT NULL,
  `srn` varchar(13) COLLATE utf8mb4_unicode_ci NOT NULL,
  `status` enum('present','absent','deceased') COLLATE utf8mb4_unicode_ci NOT NULL,
  `timestamp` timestamp NULL DEFAULT CURRENT_TIMESTAMP,
  PRIMARY KEY (`attendance_id`),
  UNIQUE KEY `session_id` (`session_id`,`srn`),
  KEY `srn` (`srn`),
  CONSTRAINT `Attendance_ibfk_1` FOREIGN KEY (`session_id`) REFERENCES `ClassSessions` (`session_id`),
  CONSTRAINT `Attendance_ibfk_2` FOREIGN KEY (`srn`) REFERENCES `Students` (`srn`)
) ENGINE=InnoDB AUTO_INCREMENT=31027 DEFAULT CHARSET=utf8mb4 COLLATE=utf8mb4_unicode_ci;
/*!40101 SET character_set_client = @saved_cs_client */;

--
-- Dumping data for table `Attendance`
--

LOCK TABLES `Attendance` WRITE;
/*!40000 ALTER TABLE `Attendance` DISABLE KEYS */;
INSERT INTO `Attendance` VALUES (31004,8398,'PES2UG22CS001','present','2025-04-12 13:14:43'),(31005,8399,'PES2UG22CS001','absent','2025-04-12 13:14:43'),(31006,8400,'PES2UG22CS001','present','2025-04-12 13:14:43'),(31007,8401,'PES2UG22CS001','present','2025-04-12 13:14:43'),(31008,8402,'PES2UG22CS001','absent','2025-04-12 13:14:43'),(31009,8403,'PES2UG22CS001','present','2025-04-12 13:14:43'),(31010,8404,'PES2UG22CS001','absent','2025-04-12 13:14:43'),(31011,8405,'PES2UG22CS001','present','2025-04-12 13:14:43'),(31012,8406,'PES2UG22CS001','present','2025-04-12 13:14:43'),(31013,8407,'PES2UG22CS001','absent','2025-04-12 13:14:43'),(31014,8408,'PES2UG22CS001','present','2025-04-12 13:14:43'),(31015,8409,'PES2UG22CS001','present','2025-04-12 13:14:43'),(31016,8410,'PES2UG22CS001','absent','2025-04-12 13:14:43'),(31017,8411,'PES2UG22CS001','present','2025-04-12 13:14:43'),(31018,8412,'PES2UG22CS001','absent','2025-04-12 13:14:43'),(31019,8413,'PES2UG22CS001','present','2025-04-12 13:14:43'),(31020,8414,'PES2UG22CS001','present','2025-04-12 13:14:43'),(31021,8415,'PES2UG22CS001','absent','2025-04-12 13:14:43'),(31022,8416,'PES2UG22CS001','present','2025-04-12 13:14:43'),(31023,8417,'PES2UG22CS001','absent','2025-04-12 13:14:43'),(31024,8418,'PES2UG22CS001','present','2025-04-12 13:14:43'),(31025,8419,'PES2UG22CS001','absent','2025-04-12 13:14:43'),(31026,8420,'PES2UG22CS001','present','2025-04-12 13:14:43');
/*!40000 ALTER TABLE `Attendance` ENABLE KEYS */;
UNLOCK TABLES;

--
-- Table structure for table `ClassSessions`
--

DROP TABLE IF EXISTS `ClassSessions`;
/*!40101 SET @saved_cs_client     = @@character_set_client */;
/*!50503 SET character_set_client = utf8mb4 */;
CREATE TABLE `ClassSessions` (
  `session_id` int NOT NULL AUTO_INCREMENT,
  `course_code` varchar(20) COLLATE utf8mb4_unicode_ci NOT NULL,
  `trn` varchar(13) COLLATE utf8mb4_unicode_ci NOT NULL,
  `session_date` date NOT NULL,
  `start_time` time NOT NULL,
  `end_time` time NOT NULL,
  PRIMARY KEY (`session_id`),
  UNIQUE KEY `course_code` (`course_code`,`session_date`,`start_time`),
  KEY `trn` (`trn`),
  CONSTRAINT `ClassSessions_ibfk_1` FOREIGN KEY (`course_code`) REFERENCES `Courses` (`course_code`),
  CONSTRAINT `ClassSessions_ibfk_2` FOREIGN KEY (`trn`) REFERENCES `Teachers` (`trn`)
) ENGINE=InnoDB AUTO_INCREMENT=9103 DEFAULT CHARSET=utf8mb4 COLLATE=utf8mb4_unicode_ci;
/*!40101 SET character_set_client = @saved_cs_client */;

--
-- Dumping data for table `ClassSessions`
--

LOCK TABLES `ClassSessions` WRITE;
/*!40000 ALTER TABLE `ClassSessions` DISABLE KEYS */;
INSERT INTO `ClassSessions` VALUES (8181,'EC423','TRN042','2025-04-08','11:00:00','13:00:00'),(8182,'EC423','TRN042','2025-04-09','14:00:00','16:00:00'),(8183,'EC423','TRN042','2025-04-10','10:00:00','12:00:00'),(8184,'EC423','TRN042','2025-04-11','13:00:00','15:00:00'),(8185,'EC423','TRN042','2025-04-14','09:00:00','11:00:00'),(8186,'EC423','TRN042','2025-04-15','11:00:00','13:00:00'),(8187,'EC423','TRN042','2025-04-16','14:00:00','16:00:00'),(8188,'EC423','TRN042','2025-04-17','10:00:00','12:00:00'),(8189,'EC423','TRN042','2025-04-18','13:00:00','15:00:00'),(8190,'EC423','TRN042','2025-04-21','09:00:00','11:00:00'),(8191,'EC423','TRN042','2025-04-22','11:00:00','13:00:00'),(8192,'EC423','TRN042','2025-04-23','14:00:00','16:00:00'),(8193,'EC423','TRN042','2025-04-24','10:00:00','12:00:00'),(8194,'EC423','TRN042','2025-04-25','13:00:00','15:00:00'),(8195,'EC423','TRN042','2025-04-28','09:00:00','11:00:00'),(8196,'EC423','TRN042','2025-04-29','11:00:00','13:00:00'),(8197,'EC423','TRN042','2025-04-30','14:00:00','16:00:00'),(8198,'EC423','TRN042','2025-05-01','10:00:00','12:00:00'),(8199,'EC423','TRN042','2025-05-02','13:00:00','15:00:00'),(8200,'EC423','TRN042','2025-05-05','09:00:00','11:00:00'),(8201,'EC423','TRN042','2025-05-06','11:00:00','13:00:00'),(8202,'EC423','TRN042','2025-05-07','14:00:00','16:00:00'),(8203,'EC423','TRN042','2025-05-08','10:00:00','12:00:00'),(8212,'EC193','TRN992','2025-04-08','11:00:00','13:00:00'),(8213,'EC193','TRN992','2025-04-09','14:00:00','16:00:00'),(8214,'EC193','TRN992','2025-04-10','10:00:00','12:00:00'),(8215,'EC193','TRN992','2025-04-11','13:00:00','15:00:00'),(8216,'EC193','TRN992','2025-04-14','09:00:00','11:00:00'),(8217,'EC193','TRN992','2025-04-15','11:00:00','13:00:00'),(8218,'EC193','TRN992','2025-04-16','14:00:00','16:00:00'),(8219,'EC193','TRN992','2025-04-17','10:00:00','12:00:00'),(8220,'EC193','TRN992','2025-04-18','13:00:00','15:00:00'),(8221,'EC193','TRN992','2025-04-21','09:00:00','11:00:00'),(8222,'EC193','TRN992','2025-04-22','11:00:00','13:00:00'),(8223,'EC193','TRN992','2025-04-23','14:00:00','16:00:00'),(8224,'EC193','TRN992','2025-04-24','10:00:00','12:00:00'),(8225,'EC193','TRN992','2025-04-25','13:00:00','15:00:00'),(8226,'EC193','TRN992','2025-04-28','09:00:00','11:00:00'),(8227,'EC193','TRN992','2025-04-29','11:00:00','13:00:00'),(8228,'EC193','TRN992','2025-04-30','14:00:00','16:00:00'),(8229,'EC193','TRN992','2025-05-01','10:00:00','12:00:00'),(8230,'EC193','TRN992','2025-05-02','13:00:00','15:00:00'),(8231,'EC193','TRN992','2025-05-05','09:00:00','11:00:00'),(8232,'EC193','TRN992','2025-05-06','11:00:00','13:00:00'),(8233,'EC193','TRN992','2025-05-07','14:00:00','16:00:00'),(8234,'EC193','TRN992','2025-05-08','10:00:00','12:00:00'),(8243,'CS726','TRN104','2025-04-08','11:00:00','13:00:00'),(8244,'CS726','TRN104','2025-04-09','14:00:00','16:00:00'),(8245,'CS726','TRN104','2025-04-10','10:00:00','12:00:00'),(8246,'CS726','TRN104','2025-04-11','13:00:00','15:00:00'),(8247,'CS726','TRN104','2025-04-14','09:00:00','11:00:00'),(8248,'CS726','TRN104','2025-04-15','11:00:00','13:00:00'),(8249,'CS726','TRN104','2025-04-16','14:00:00','16:00:00'),(8250,'CS726','TRN104','2025-04-17','10:00:00','12:00:00'),(8251,'CS726','TRN104','2025-04-18','13:00:00','15:00:00'),(8252,'CS726','TRN104','2025-04-21','09:00:00','11:00:00'),(8253,'CS726','TRN104','2025-04-22','11:00:00','13:00:00'),(8254,'CS726','TRN104','2025-04-23','14:00:00','16:00:00'),(8255,'CS726','TRN104','2025-04-24','10:00:00','12:00:00'),(8256,'CS726','TRN104','2025-04-25','13:00:00','15:00:00'),(8257,'CS726','TRN104','2025-04-28','09:00:00','11:00:00'),(8258,'CS726','TRN104','2025-04-29','11:00:00','13:00:00'),(8259,'CS726','TRN104','2025-04-30','14:00:00','16:00:00'),(8260,'CS726','TRN104','2025-05-01','10:00:00','12:00:00'),(8261,'CS726','TRN104','2025-05-02','13:00:00','15:00:00'),(8262,'CS726','TRN104','2025-05-05','09:00:00','11:00:00'),(8263,'CS726','TRN104','2025-05-06','11:00:00','13:00:00'),(8264,'CS726','TRN104','2025-05-07','14:00:00','16:00:00'),(8265,'CS726','TRN104','2025-05-08','10:00:00','12:00:00'),(8274,'CS408','TRN144','2025-04-08','11:00:00','13:00:00'),(8275,'CS408','TRN144','2025-04-09','14:00:00','16:00:00'),(8276,'CS408','TRN144','2025-04-10','10:00:00','12:00:00'),(8277,'CS408','TRN144','2025-04-11','13:00:00','15:00:00'),(8278,'CS408','TRN144','2025-04-14','09:00:00','11:00:00'),(8279,'CS408','TRN144','2025-04-15','11:00:00','13:00:00'),(8280,'CS408','TRN144','2025-04-16','14:00:00','16:00:00'),(8281,'CS408','TRN144','2025-04-17','10:00:00','12:00:00'),(8282,'CS408','TRN144','2025-04-18','13:00:00','15:00:00'),(8283,'CS408','TRN144','2025-04-21','09:00:00','11:00:00'),(8284,'CS408','TRN144','2025-04-22','11:00:00','13:00:00'),(8285,'CS408','TRN144','2025-04-23','14:00:00','16:00:00'),(8286,'CS408','TRN144','2025-04-24','10:00:00','12:00:00'),(8287,'CS408','TRN144','2025-04-25','13:00:00','15:00:00'),(8288,'CS408','TRN144','2025-04-28','09:00:00','11:00:00'),(8289,'CS408','TRN144','2025-04-29','11:00:00','13:00:00'),(8290,'CS408','TRN144','2025-04-30','14:00:00','16:00:00'),(8291,'CS408','TRN144','2025-05-01','10:00:00','12:00:00'),(8292,'CS408','TRN144','2025-05-02','13:00:00','15:00:00'),(8293,'CS408','TRN144','2025-05-05','09:00:00','11:00:00'),(8294,'CS408','TRN144','2025-05-06','11:00:00','13:00:00'),(8295,'CS408','TRN144','2025-05-07','14:00:00','16:00:00'),(8296,'CS408','TRN144','2025-05-08','10:00:00','12:00:00'),(8305,'HU755','TRN224','2025-04-08','11:00:00','13:00:00'),(8306,'HU755','TRN224','2025-04-09','14:00:00','16:00:00'),(8307,'HU755','TRN224','2025-04-10','10:00:00','12:00:00'),(8308,'HU755','TRN224','2025-04-11','13:00:00','15:00:00'),(8309,'HU755','TRN224','2025-04-14','09:00:00','11:00:00'),(8310,'HU755','TRN224','2025-04-15','11:00:00','13:00:00'),(8311,'HU755','TRN224','2025-04-16','14:00:00','16:00:00'),(8312,'HU755','TRN224','2025-04-17','10:00:00','12:00:00'),(8313,'HU755','TRN224','2025-04-18','13:00:00','15:00:00'),(8314,'HU755','TRN224','2025-04-21','09:00:00','11:00:00'),(8315,'HU755','TRN224','2025-04-22','11:00:00','13:00:00'),(8316,'HU755','TRN224','2025-04-23','14:00:00','16:00:00'),(8317,'HU755','TRN224','2025-04-24','10:00:00','12:00:00'),(8318,'HU755','TRN224','2025-04-25','13:00:00','15:00:00'),(8319,'HU755','TRN224','2025-04-28','09:00:00','11:00:00'),(8320,'HU755','TRN224','2025-04-29','11:00:00','13:00:00'),(8321,'HU755','TRN224','2025-04-30','14:00:00','16:00:00'),(8322,'HU755','TRN224','2025-05-01','10:00:00','12:00:00'),(8323,'HU755','TRN224','2025-05-02','13:00:00','15:00:00'),(8324,'HU755','TRN224','2025-05-05','09:00:00','11:00:00'),(8325,'HU755','TRN224','2025-05-06','11:00:00','13:00:00'),(8326,'HU755','TRN224','2025-05-07','14:00:00','16:00:00'),(8327,'HU755','TRN224','2025-05-08','10:00:00','12:00:00'),(8336,'HU366','TRN266','2025-04-08','11:00:00','13:00:00'),(8337,'HU366','TRN266','2025-04-09','14:00:00','16:00:00'),(8338,'HU366','TRN266','2025-04-10','10:00:00','12:00:00'),(8339,'HU366','TRN266','2025-04-11','13:00:00','15:00:00'),(8340,'HU366','TRN266','2025-04-14','09:00:00','11:00:00'),(8341,'HU366','TRN266','2025-04-15','11:00:00','13:00:00'),(8342,'HU366','TRN266','2025-04-16','14:00:00','16:00:00'),(8343,'HU366','TRN266','2025-04-17','10:00:00','12:00:00'),(8344,'HU366','TRN266','2025-04-18','13:00:00','15:00:00'),(8345,'HU366','TRN266','2025-04-21','09:00:00','11:00:00'),(8346,'HU366','TRN266','2025-04-22','11:00:00','13:00:00'),(8347,'HU366','TRN266','2025-04-23','14:00:00','16:00:00'),(8348,'HU366','TRN266','2025-04-24','10:00:00','12:00:00'),(8349,'HU366','TRN266','2025-04-25','13:00:00','15:00:00'),(8350,'HU366','TRN266','2025-04-28','09:00:00','11:00:00'),(8351,'HU366','TRN266','2025-04-29','11:00:00','13:00:00'),(8352,'HU366','TRN266','2025-04-30','14:00:00','16:00:00'),(8353,'HU366','TRN266','2025-05-01','10:00:00','12:00:00'),(8354,'HU366','TRN266','2025-05-02','13:00:00','15:00:00'),(8355,'HU366','TRN266','2025-05-05','09:00:00','11:00:00'),(8356,'HU366','TRN266','2025-05-06','11:00:00','13:00:00'),(8357,'HU366','TRN266','2025-05-07','14:00:00','16:00:00'),(8358,'HU366','TRN266','2025-05-08','10:00:00','12:00:00'),(8367,'HU114','TRN311','2025-04-08','11:00:00','13:00:00'),(8368,'HU114','TRN311','2025-04-09','14:00:00','16:00:00'),(8369,'HU114','TRN311','2025-04-10','10:00:00','12:00:00'),(8370,'HU114','TRN311','2025-04-11','13:00:00','15:00:00'),(8371,'HU114','TRN311','2025-04-14','09:00:00','11:00:00'),(8372,'HU114','TRN311','2025-04-15','11:00:00','13:00:00'),(8373,'HU114','TRN311','2025-04-16','14:00:00','16:00:00'),(8374,'HU114','TRN311','2025-04-17','10:00:00','12:00:00'),(8375,'HU114','TRN311','2025-04-18','13:00:00','15:00:00'),(8376,'HU114','TRN311','2025-04-21','09:00:00','11:00:00'),(8377,'HU114','TRN311','2025-04-22','11:00:00','13:00:00'),(8378,'HU114','TRN311','2025-04-23','14:00:00','16:00:00'),(8379,'HU114','TRN311','2025-04-24','10:00:00','12:00:00'),(8380,'HU114','TRN311','2025-04-25','13:00:00','15:00:00'),(8381,'HU114','TRN311','2025-04-28','09:00:00','11:00:00'),(8382,'HU114','TRN311','2025-04-29','11:00:00','13:00:00'),(8383,'HU114','TRN311','2025-04-30','14:00:00','16:00:00'),(8384,'HU114','TRN311','2025-05-01','10:00:00','12:00:00'),(8385,'HU114','TRN311','2025-05-02','13:00:00','15:00:00'),(8386,'HU114','TRN311','2025-05-05','09:00:00','11:00:00'),(8387,'HU114','TRN311','2025-05-06','11:00:00','13:00:00'),(8388,'HU114','TRN311','2025-05-07','14:00:00','16:00:00'),(8389,'HU114','TRN311','2025-05-08','10:00:00','12:00:00'),(8398,'CS295','TRN339','2025-04-08','11:00:00','13:00:00'),(8399,'CS295','TRN339','2025-04-09','14:00:00','16:00:00'),(8400,'CS295','TRN339','2025-04-10','10:00:00','12:00:00'),(8401,'CS295','TRN339','2025-04-11','13:00:00','15:00:00'),(8402,'CS295','TRN339','2025-04-14','09:00:00','11:00:00'),(8403,'CS295','TRN339','2025-04-15','11:00:00','13:00:00'),(8404,'CS295','TRN339','2025-04-16','14:00:00','16:00:00'),(8405,'CS295','TRN339','2025-04-17','10:00:00','12:00:00'),(8406,'CS295','TRN339','2025-04-18','13:00:00','15:00:00'),(8407,'CS295','TRN339','2025-04-21','09:00:00','11:00:00'),(8408,'CS295','TRN339','2025-04-22','11:00:00','13:00:00'),(8409,'CS295','TRN339','2025-04-23','14:00:00','16:00:00'),(8410,'CS295','TRN339','2025-04-24','10:00:00','12:00:00'),(8411,'CS295','TRN339','2025-04-25','13:00:00','15:00:00'),(8412,'CS295','TRN339','2025-04-28','09:00:00','11:00:00'),(8413,'CS295','TRN339','2025-04-29','11:00:00','13:00:00'),(8414,'CS295','TRN339','2025-04-30','14:00:00','16:00:00'),(8415,'CS295','TRN339','2025-05-01','10:00:00','12:00:00'),(8416,'CS295','TRN339','2025-05-02','13:00:00','15:00:00'),(8417,'CS295','TRN339','2025-05-05','09:00:00','11:00:00'),(8418,'CS295','TRN339','2025-05-06','11:00:00','13:00:00'),(8419,'CS295','TRN339','2025-05-07','14:00:00','16:00:00'),(8420,'CS295','TRN339','2025-05-08','10:00:00','12:00:00'),(8429,'EC827','TRN367','2025-04-08','11:00:00','13:00:00'),(8430,'EC827','TRN367','2025-04-09','14:00:00','16:00:00'),(8431,'EC827','TRN367','2025-04-10','10:00:00','12:00:00'),(8432,'EC827','TRN367','2025-04-11','13:00:00','15:00:00'),(8433,'EC827','TRN367','2025-04-14','09:00:00','11:00:00'),(8434,'EC827','TRN367','2025-04-15','11:00:00','13:00:00'),(8435,'EC827','TRN367','2025-04-16','14:00:00','16:00:00'),(8436,'EC827','TRN367','2025-04-17','10:00:00','12:00:00'),(8437,'EC827','TRN367','2025-04-18','13:00:00','15:00:00'),(8438,'EC827','TRN367','2025-04-21','09:00:00','11:00:00'),(8439,'EC827','TRN367','2025-04-22','11:00:00','13:00:00'),(8440,'EC827','TRN367','2025-04-23','14:00:00','16:00:00'),(8441,'EC827','TRN367','2025-04-24','10:00:00','12:00:00'),(8442,'EC827','TRN367','2025-04-25','13:00:00','15:00:00'),(8443,'EC827','TRN367','2025-04-28','09:00:00','11:00:00'),(8444,'EC827','TRN367','2025-04-29','11:00:00','13:00:00'),(8445,'EC827','TRN367','2025-04-30','14:00:00','16:00:00'),(8446,'EC827','TRN367','2025-05-01','10:00:00','12:00:00'),(8447,'EC827','TRN367','2025-05-02','13:00:00','15:00:00'),(8448,'EC827','TRN367','2025-05-05','09:00:00','11:00:00'),(8449,'EC827','TRN367','2025-05-06','11:00:00','13:00:00'),(8450,'EC827','TRN367','2025-05-07','14:00:00','16:00:00'),(8451,'EC827','TRN367','2025-05-08','10:00:00','12:00:00'),(8460,'CS924','TRN415','2025-04-08','11:00:00','13:00:00'),(8461,'CS924','TRN415','2025-04-09','14:00:00','16:00:00'),(8462,'CS924','TRN415','2025-04-10','10:00:00','12:00:00'),(8463,'CS924','TRN415','2025-04-11','13:00:00','15:00:00'),(8464,'CS924','TRN415','2025-04-14','09:00:00','11:00:00'),(8465,'CS924','TRN415','2025-04-15','11:00:00','13:00:00'),(8466,'CS924','TRN415','2025-04-16','14:00:00','16:00:00'),(8467,'CS924','TRN415','2025-04-17','10:00:00','12:00:00'),(8468,'CS924','TRN415','2025-04-18','13:00:00','15:00:00'),(8469,'CS924','TRN415','2025-04-21','09:00:00','11:00:00'),(8470,'CS924','TRN415','2025-04-22','11:00:00','13:00:00'),(8471,'CS924','TRN415','2025-04-23','14:00:00','16:00:00'),(8472,'CS924','TRN415','2025-04-24','10:00:00','12:00:00'),(8473,'CS924','TRN415','2025-04-25','13:00:00','15:00:00'),(8474,'CS924','TRN415','2025-04-28','09:00:00','11:00:00'),(8475,'CS924','TRN415','2025-04-29','11:00:00','13:00:00'),(8476,'CS924','TRN415','2025-04-30','14:00:00','16:00:00'),(8477,'CS924','TRN415','2025-05-01','10:00:00','12:00:00'),(8478,'CS924','TRN415','2025-05-02','13:00:00','15:00:00'),(8479,'CS924','TRN415','2025-05-05','09:00:00','11:00:00'),(8480,'CS924','TRN415','2025-05-06','11:00:00','13:00:00'),(8481,'CS924','TRN415','2025-05-07','14:00:00','16:00:00'),(8482,'CS924','TRN415','2025-05-08','10:00:00','12:00:00'),(8491,'HU327','TRN484','2025-04-08','11:00:00','13:00:00'),(8492,'HU327','TRN484','2025-04-09','14:00:00','16:00:00'),(8493,'HU327','TRN484','2025-04-10','10:00:00','12:00:00'),(8494,'HU327','TRN484','2025-04-11','13:00:00','15:00:00'),(8495,'HU327','TRN484','2025-04-14','09:00:00','11:00:00'),(8496,'HU327','TRN484','2025-04-15','11:00:00','13:00:00'),(8497,'HU327','TRN484','2025-04-16','14:00:00','16:00:00'),(8498,'HU327','TRN484','2025-04-17','10:00:00','12:00:00'),(8499,'HU327','TRN484','2025-04-18','13:00:00','15:00:00'),(8500,'HU327','TRN484','2025-04-21','09:00:00','11:00:00'),(8501,'HU327','TRN484','2025-04-22','11:00:00','13:00:00'),(8502,'HU327','TRN484','2025-04-23','14:00:00','16:00:00'),(8503,'HU327','TRN484','2025-04-24','10:00:00','12:00:00'),(8504,'HU327','TRN484','2025-04-25','13:00:00','15:00:00'),(8505,'HU327','TRN484','2025-04-28','09:00:00','11:00:00'),(8506,'HU327','TRN484','2025-04-29','11:00:00','13:00:00'),(8507,'HU327','TRN484','2025-04-30','14:00:00','16:00:00'),(8508,'HU327','TRN484','2025-05-01','10:00:00','12:00:00'),(8509,'HU327','TRN484','2025-05-02','13:00:00','15:00:00'),(8510,'HU327','TRN484','2025-05-05','09:00:00','11:00:00'),(8511,'HU327','TRN484','2025-05-06','11:00:00','13:00:00'),(8512,'HU327','TRN484','2025-05-07','14:00:00','16:00:00'),(8513,'HU327','TRN484','2025-05-08','10:00:00','12:00:00'),(8522,'IS991','TRN498','2025-04-08','11:00:00','13:00:00'),(8523,'IS991','TRN498','2025-04-09','14:00:00','16:00:00'),(8524,'IS991','TRN498','2025-04-10','10:00:00','12:00:00'),(8525,'IS991','TRN498','2025-04-11','13:00:00','15:00:00'),(8526,'IS991','TRN498','2025-04-14','09:00:00','11:00:00'),(8527,'IS991','TRN498','2025-04-15','11:00:00','13:00:00'),(8528,'IS991','TRN498','2025-04-16','14:00:00','16:00:00'),(8529,'IS991','TRN498','2025-04-17','10:00:00','12:00:00'),(8530,'IS991','TRN498','2025-04-18','13:00:00','15:00:00'),(8531,'IS991','TRN498','2025-04-21','09:00:00','11:00:00'),(8532,'IS991','TRN498','2025-04-22','11:00:00','13:00:00'),(8533,'IS991','TRN498','2025-04-23','14:00:00','16:00:00'),(8534,'IS991','TRN498','2025-04-24','10:00:00','12:00:00'),(8535,'IS991','TRN498','2025-04-25','13:00:00','15:00:00'),(8536,'IS991','TRN498','2025-04-28','09:00:00','11:00:00'),(8537,'IS991','TRN498','2025-04-29','11:00:00','13:00:00'),(8538,'IS991','TRN498','2025-04-30','14:00:00','16:00:00'),(8539,'IS991','TRN498','2025-05-01','10:00:00','12:00:00'),(8540,'IS991','TRN498','2025-05-02','13:00:00','15:00:00'),(8541,'IS991','TRN498','2025-05-05','09:00:00','11:00:00'),(8542,'IS991','TRN498','2025-05-06','11:00:00','13:00:00'),(8543,'IS991','TRN498','2025-05-07','14:00:00','16:00:00'),(8544,'IS991','TRN498','2025-05-08','10:00:00','12:00:00'),(8553,'PH349','TRN524','2025-04-08','11:00:00','13:00:00'),(8554,'PH349','TRN524','2025-04-09','14:00:00','16:00:00'),(8555,'PH349','TRN524','2025-04-10','10:00:00','12:00:00'),(8556,'PH349','TRN524','2025-04-11','13:00:00','15:00:00'),(8557,'PH349','TRN524','2025-04-14','09:00:00','11:00:00'),(8558,'PH349','TRN524','2025-04-15','11:00:00','13:00:00'),(8559,'PH349','TRN524','2025-04-16','14:00:00','16:00:00'),(8560,'PH349','TRN524','2025-04-17','10:00:00','12:00:00'),(8561,'PH349','TRN524','2025-04-18','13:00:00','15:00:00'),(8562,'PH349','TRN524','2025-04-21','09:00:00','11:00:00'),(8563,'PH349','TRN524','2025-04-22','11:00:00','13:00:00'),(8564,'PH349','TRN524','2025-04-23','14:00:00','16:00:00'),(8565,'PH349','TRN524','2025-04-24','10:00:00','12:00:00'),(8566,'PH349','TRN524','2025-04-25','13:00:00','15:00:00'),(8567,'PH349','TRN524','2025-04-28','09:00:00','11:00:00'),(8568,'PH349','TRN524','2025-04-29','11:00:00','13:00:00'),(8569,'PH349','TRN524','2025-04-30','14:00:00','16:00:00'),(8570,'PH349','TRN524','2025-05-01','10:00:00','12:00:00'),(8571,'PH349','TRN524','2025-05-02','13:00:00','15:00:00'),(8572,'PH349','TRN524','2025-05-05','09:00:00','11:00:00'),(8573,'PH349','TRN524','2025-05-06','11:00:00','13:00:00'),(8574,'PH349','TRN524','2025-05-07','14:00:00','16:00:00'),(8575,'PH349','TRN524','2025-05-08','10:00:00','12:00:00'),(8584,'IS740','TRN574','2025-04-08','11:00:00','13:00:00'),(8585,'IS740','TRN574','2025-04-09','14:00:00','16:00:00'),(8586,'IS740','TRN574','2025-04-10','10:00:00','12:00:00'),(8587,'IS740','TRN574','2025-04-11','13:00:00','15:00:00'),(8588,'IS740','TRN574','2025-04-14','09:00:00','11:00:00'),(8589,'IS740','TRN574','2025-04-15','11:00:00','13:00:00'),(8590,'IS740','TRN574','2025-04-16','14:00:00','16:00:00'),(8591,'IS740','TRN574','2025-04-17','10:00:00','12:00:00'),(8592,'IS740','TRN574','2025-04-18','13:00:00','15:00:00'),(8593,'IS740','TRN574','2025-04-21','09:00:00','11:00:00'),(8594,'IS740','TRN574','2025-04-22','11:00:00','13:00:00'),(8595,'IS740','TRN574','2025-04-23','14:00:00','16:00:00'),(8596,'IS740','TRN574','2025-04-24','10:00:00','12:00:00'),(8597,'IS740','TRN574','2025-04-25','13:00:00','15:00:00'),(8598,'IS740','TRN574','2025-04-28','09:00:00','11:00:00'),(8599,'IS740','TRN574','2025-04-29','11:00:00','13:00:00'),(8600,'IS740','TRN574','2025-04-30','14:00:00','16:00:00'),(8601,'IS740','TRN574','2025-05-01','10:00:00','12:00:00'),(8602,'IS740','TRN574','2025-05-02','13:00:00','15:00:00'),(8603,'IS740','TRN574','2025-05-05','09:00:00','11:00:00'),(8604,'IS740','TRN574','2025-05-06','11:00:00','13:00:00'),(8605,'IS740','TRN574','2025-05-07','14:00:00','16:00:00'),(8606,'IS740','TRN574','2025-05-08','10:00:00','12:00:00'),(8615,'HU440','TRN617','2025-04-08','11:00:00','13:00:00'),(8616,'HU440','TRN617','2025-04-09','14:00:00','16:00:00'),(8617,'HU440','TRN617','2025-04-10','10:00:00','12:00:00'),(8618,'HU440','TRN617','2025-04-11','13:00:00','15:00:00'),(8619,'HU440','TRN617','2025-04-14','09:00:00','11:00:00'),(8620,'HU440','TRN617','2025-04-15','11:00:00','13:00:00'),(8621,'HU440','TRN617','2025-04-16','14:00:00','16:00:00'),(8622,'HU440','TRN617','2025-04-17','10:00:00','12:00:00'),(8623,'HU440','TRN617','2025-04-18','13:00:00','15:00:00'),(8624,'HU440','TRN617','2025-04-21','09:00:00','11:00:00'),(8625,'HU440','TRN617','2025-04-22','11:00:00','13:00:00'),(8626,'HU440','TRN617','2025-04-23','14:00:00','16:00:00'),(8627,'HU440','TRN617','2025-04-24','10:00:00','12:00:00'),(8628,'HU440','TRN617','2025-04-25','13:00:00','15:00:00'),(8629,'HU440','TRN617','2025-04-28','09:00:00','11:00:00'),(8630,'HU440','TRN617','2025-04-29','11:00:00','13:00:00'),(8631,'HU440','TRN617','2025-04-30','14:00:00','16:00:00'),(8632,'HU440','TRN617','2025-05-01','10:00:00','12:00:00'),(8633,'HU440','TRN617','2025-05-02','13:00:00','15:00:00'),(8634,'HU440','TRN617','2025-05-05','09:00:00','11:00:00'),(8635,'HU440','TRN617','2025-05-06','11:00:00','13:00:00'),(8636,'HU440','TRN617','2025-05-07','14:00:00','16:00:00'),(8637,'HU440','TRN617','2025-05-08','10:00:00','12:00:00'),(8646,'PH996','TRN701','2025-04-08','11:00:00','13:00:00'),(8647,'PH996','TRN701','2025-04-09','14:00:00','16:00:00'),(8648,'PH996','TRN701','2025-04-10','10:00:00','12:00:00'),(8649,'PH996','TRN701','2025-04-11','13:00:00','15:00:00'),(8650,'PH996','TRN701','2025-04-14','09:00:00','11:00:00'),(8651,'PH996','TRN701','2025-04-15','11:00:00','13:00:00'),(8652,'PH996','TRN701','2025-04-16','14:00:00','16:00:00'),(8653,'PH996','TRN701','2025-04-17','10:00:00','12:00:00'),(8654,'PH996','TRN701','2025-04-18','13:00:00','15:00:00'),(8655,'PH996','TRN701','2025-04-21','09:00:00','11:00:00'),(8656,'PH996','TRN701','2025-04-22','11:00:00','13:00:00'),(8657,'PH996','TRN701','2025-04-23','14:00:00','16:00:00'),(8658,'PH996','TRN701','2025-04-24','10:00:00','12:00:00'),(8659,'PH996','TRN701','2025-04-25','13:00:00','15:00:00'),(8660,'PH996','TRN701','2025-04-28','09:00:00','11:00:00'),(8661,'PH996','TRN701','2025-04-29','11:00:00','13:00:00'),(8662,'PH996','TRN701','2025-04-30','14:00:00','16:00:00'),(8663,'PH996','TRN701','2025-05-01','10:00:00','12:00:00'),(8664,'PH996','TRN701','2025-05-02','13:00:00','15:00:00'),(8665,'PH996','TRN701','2025-05-05','09:00:00','11:00:00'),(8666,'PH996','TRN701','2025-05-06','11:00:00','13:00:00'),(8667,'PH996','TRN701','2025-05-07','14:00:00','16:00:00'),(8668,'PH996','TRN701','2025-05-08','10:00:00','12:00:00'),(8677,'CS182','TRN748','2025-04-08','11:00:00','13:00:00'),(8678,'CS182','TRN748','2025-04-09','14:00:00','16:00:00'),(8679,'CS182','TRN748','2025-04-10','10:00:00','12:00:00'),(8680,'CS182','TRN748','2025-04-11','13:00:00','15:00:00'),(8681,'CS182','TRN748','2025-04-14','09:00:00','11:00:00'),(8682,'CS182','TRN748','2025-04-15','11:00:00','13:00:00'),(8683,'CS182','TRN748','2025-04-16','14:00:00','16:00:00'),(8684,'CS182','TRN748','2025-04-17','10:00:00','12:00:00'),(8685,'CS182','TRN748','2025-04-18','13:00:00','15:00:00'),(8686,'CS182','TRN748','2025-04-21','09:00:00','11:00:00'),(8687,'CS182','TRN748','2025-04-22','11:00:00','13:00:00'),(8688,'CS182','TRN748','2025-04-23','14:00:00','16:00:00'),(8689,'CS182','TRN748','2025-04-24','10:00:00','12:00:00'),(8690,'CS182','TRN748','2025-04-25','13:00:00','15:00:00'),(8691,'CS182','TRN748','2025-04-28','09:00:00','11:00:00'),(8692,'CS182','TRN748','2025-04-29','11:00:00','13:00:00'),(8693,'CS182','TRN748','2025-04-30','14:00:00','16:00:00'),(8694,'CS182','TRN748','2025-05-01','10:00:00','12:00:00'),(8695,'CS182','TRN748','2025-05-02','13:00:00','15:00:00'),(8696,'CS182','TRN748','2025-05-05','09:00:00','11:00:00'),(8697,'CS182','TRN748','2025-05-06','11:00:00','13:00:00'),(8698,'CS182','TRN748','2025-05-07','14:00:00','16:00:00'),(8699,'CS182','TRN748','2025-05-08','10:00:00','12:00:00'),(8708,'HU308','TRN777','2025-04-08','11:00:00','13:00:00'),(8709,'HU308','TRN777','2025-04-09','14:00:00','16:00:00'),(8710,'HU308','TRN777','2025-04-10','10:00:00','12:00:00'),(8711,'HU308','TRN777','2025-04-11','13:00:00','15:00:00'),(8712,'HU308','TRN777','2025-04-14','09:00:00','11:00:00'),(8713,'HU308','TRN777','2025-04-15','11:00:00','13:00:00'),(8714,'HU308','TRN777','2025-04-16','14:00:00','16:00:00'),(8715,'HU308','TRN777','2025-04-17','10:00:00','12:00:00'),(8716,'HU308','TRN777','2025-04-18','13:00:00','15:00:00'),(8717,'HU308','TRN777','2025-04-21','09:00:00','11:00:00'),(8718,'HU308','TRN777','2025-04-22','11:00:00','13:00:00'),(8719,'HU308','TRN777','2025-04-23','14:00:00','16:00:00'),(8720,'HU308','TRN777','2025-04-24','10:00:00','12:00:00'),(8721,'HU308','TRN777','2025-04-25','13:00:00','15:00:00'),(8722,'HU308','TRN777','2025-04-28','09:00:00','11:00:00'),(8723,'HU308','TRN777','2025-04-29','11:00:00','13:00:00'),(8724,'HU308','TRN777','2025-04-30','14:00:00','16:00:00'),(8725,'HU308','TRN777','2025-05-01','10:00:00','12:00:00'),(8726,'HU308','TRN777','2025-05-02','13:00:00','15:00:00'),(8727,'HU308','TRN777','2025-05-05','09:00:00','11:00:00'),(8728,'HU308','TRN777','2025-05-06','11:00:00','13:00:00'),(8729,'HU308','TRN777','2025-05-07','14:00:00','16:00:00'),(8730,'HU308','TRN777','2025-05-08','10:00:00','12:00:00'),(8739,'EC553','TRN819','2025-04-08','11:00:00','13:00:00'),(8740,'EC553','TRN819','2025-04-09','14:00:00','16:00:00'),(8741,'EC553','TRN819','2025-04-10','10:00:00','12:00:00'),(8742,'EC553','TRN819','2025-04-11','13:00:00','15:00:00'),(8743,'EC553','TRN819','2025-04-14','09:00:00','11:00:00'),(8744,'EC553','TRN819','2025-04-15','11:00:00','13:00:00'),(8745,'EC553','TRN819','2025-04-16','14:00:00','16:00:00'),(8746,'EC553','TRN819','2025-04-17','10:00:00','12:00:00'),(8747,'EC553','TRN819','2025-04-18','13:00:00','15:00:00'),(8748,'EC553','TRN819','2025-04-21','09:00:00','11:00:00'),(8749,'EC553','TRN819','2025-04-22','11:00:00','13:00:00'),(8750,'EC553','TRN819','2025-04-23','14:00:00','16:00:00'),(8751,'EC553','TRN819','2025-04-24','10:00:00','12:00:00'),(8752,'EC553','TRN819','2025-04-25','13:00:00','15:00:00'),(8753,'EC553','TRN819','2025-04-28','09:00:00','11:00:00'),(8754,'EC553','TRN819','2025-04-29','11:00:00','13:00:00'),(8755,'EC553','TRN819','2025-04-30','14:00:00','16:00:00'),(8756,'EC553','TRN819','2025-05-01','10:00:00','12:00:00'),(8757,'EC553','TRN819','2025-05-02','13:00:00','15:00:00'),(8758,'EC553','TRN819','2025-05-05','09:00:00','11:00:00'),(8759,'EC553','TRN819','2025-05-06','11:00:00','13:00:00'),(8760,'EC553','TRN819','2025-05-07','14:00:00','16:00:00'),(8761,'EC553','TRN819','2025-05-08','10:00:00','12:00:00'),(8770,'HU558','TRN850','2025-04-08','11:00:00','13:00:00'),(8771,'HU558','TRN850','2025-04-09','14:00:00','16:00:00'),(8772,'HU558','TRN850','2025-04-10','10:00:00','12:00:00'),(8773,'HU558','TRN850','2025-04-11','13:00:00','15:00:00'),(8774,'HU558','TRN850','2025-04-14','09:00:00','11:00:00'),(8775,'HU558','TRN850','2025-04-15','11:00:00','13:00:00'),(8776,'HU558','TRN850','2025-04-16','14:00:00','16:00:00'),(8777,'HU558','TRN850','2025-04-17','10:00:00','12:00:00'),(8778,'HU558','TRN850','2025-04-18','13:00:00','15:00:00'),(8779,'HU558','TRN850','2025-04-21','09:00:00','11:00:00'),(8780,'HU558','TRN850','2025-04-22','11:00:00','13:00:00'),(8781,'HU558','TRN850','2025-04-23','14:00:00','16:00:00'),(8782,'HU558','TRN850','2025-04-24','10:00:00','12:00:00'),(8783,'HU558','TRN850','2025-04-25','13:00:00','15:00:00'),(8784,'HU558','TRN850','2025-04-28','09:00:00','11:00:00'),(8785,'HU558','TRN850','2025-04-29','11:00:00','13:00:00'),(8786,'HU558','TRN850','2025-04-30','14:00:00','16:00:00'),(8787,'HU558','TRN850','2025-05-01','10:00:00','12:00:00'),(8788,'HU558','TRN850','2025-05-02','13:00:00','15:00:00'),(8789,'HU558','TRN850','2025-05-05','09:00:00','11:00:00'),(8790,'HU558','TRN850','2025-05-06','11:00:00','13:00:00'),(8791,'HU558','TRN850','2025-05-07','14:00:00','16:00:00'),(8792,'HU558','TRN850','2025-05-08','10:00:00','12:00:00'),(8801,'HU660','TRN871','2025-04-08','11:00:00','13:00:00'),(8802,'HU660','TRN871','2025-04-09','14:00:00','16:00:00'),(8803,'HU660','TRN871','2025-04-10','10:00:00','12:00:00'),(8804,'HU660','TRN871','2025-04-11','13:00:00','15:00:00'),(8805,'HU660','TRN871','2025-04-14','09:00:00','11:00:00'),(8806,'HU660','TRN871','2025-04-15','11:00:00','13:00:00'),(8807,'HU660','TRN871','2025-04-16','14:00:00','16:00:00'),(8808,'HU660','TRN871','2025-04-17','10:00:00','12:00:00'),(8809,'HU660','TRN871','2025-04-18','13:00:00','15:00:00'),(8810,'HU660','TRN871','2025-04-21','09:00:00','11:00:00'),(8811,'HU660','TRN871','2025-04-22','11:00:00','13:00:00'),(8812,'HU660','TRN871','2025-04-23','14:00:00','16:00:00'),(8813,'HU660','TRN871','2025-04-24','10:00:00','12:00:00'),(8814,'HU660','TRN871','2025-04-25','13:00:00','15:00:00'),(8815,'HU660','TRN871','2025-04-28','09:00:00','11:00:00'),(8816,'HU660','TRN871','2025-04-29','11:00:00','13:00:00'),(8817,'HU660','TRN871','2025-04-30','14:00:00','16:00:00'),(8818,'HU660','TRN871','2025-05-01','10:00:00','12:00:00'),(8819,'HU660','TRN871','2025-05-02','13:00:00','15:00:00'),(8820,'HU660','TRN871','2025-05-05','09:00:00','11:00:00'),(8821,'HU660','TRN871','2025-05-06','11:00:00','13:00:00'),(8822,'HU660','TRN871','2025-05-07','14:00:00','16:00:00'),(8823,'HU660','TRN871','2025-05-08','10:00:00','12:00:00'),(8832,'IS433','TRN914','2025-04-08','11:00:00','13:00:00'),(8833,'IS433','TRN914','2025-04-09','14:00:00','16:00:00'),(8834,'IS433','TRN914','2025-04-10','10:00:00','12:00:00'),(8835,'IS433','TRN914','2025-04-11','13:00:00','15:00:00'),(8836,'IS433','TRN914','2025-04-14','09:00:00','11:00:00'),(8837,'IS433','TRN914','2025-04-15','11:00:00','13:00:00'),(8838,'IS433','TRN914','2025-04-16','14:00:00','16:00:00'),(8839,'IS433','TRN914','2025-04-17','10:00:00','12:00:00'),(8840,'IS433','TRN914','2025-04-18','13:00:00','15:00:00'),(8841,'IS433','TRN914','2025-04-21','09:00:00','11:00:00'),(8842,'IS433','TRN914','2025-04-22','11:00:00','13:00:00'),(8843,'IS433','TRN914','2025-04-23','14:00:00','16:00:00'),(8844,'IS433','TRN914','2025-04-24','10:00:00','12:00:00'),(8845,'IS433','TRN914','2025-04-25','13:00:00','15:00:00'),(8846,'IS433','TRN914','2025-04-28','09:00:00','11:00:00'),(8847,'IS433','TRN914','2025-04-29','11:00:00','13:00:00'),(8848,'IS433','TRN914','2025-04-30','14:00:00','16:00:00'),(8849,'IS433','TRN914','2025-05-01','10:00:00','12:00:00'),(8850,'IS433','TRN914','2025-05-02','13:00:00','15:00:00'),(8851,'IS433','TRN914','2025-05-05','09:00:00','11:00:00'),(8852,'IS433','TRN914','2025-05-06','11:00:00','13:00:00'),(8853,'IS433','TRN914','2025-05-07','14:00:00','16:00:00'),(8854,'IS433','TRN914','2025-05-08','10:00:00','12:00:00'),(8863,'HU398','TRN924','2025-04-08','11:00:00','13:00:00'),(8864,'HU398','TRN924','2025-04-09','14:00:00','16:00:00'),(8865,'HU398','TRN924','2025-04-10','10:00:00','12:00:00'),(8866,'HU398','TRN924','2025-04-11','13:00:00','15:00:00'),(8867,'HU398','TRN924','2025-04-14','09:00:00','11:00:00'),(8868,'HU398','TRN924','2025-04-15','11:00:00','13:00:00'),(8869,'HU398','TRN924','2025-04-16','14:00:00','16:00:00'),(8870,'HU398','TRN924','2025-04-17','10:00:00','12:00:00'),(8871,'HU398','TRN924','2025-04-18','13:00:00','15:00:00'),(8872,'HU398','TRN924','2025-04-21','09:00:00','11:00:00'),(8873,'HU398','TRN924','2025-04-22','11:00:00','13:00:00'),(8874,'HU398','TRN924','2025-04-23','14:00:00','16:00:00'),(8875,'HU398','TRN924','2025-04-24','10:00:00','12:00:00'),(8876,'HU398','TRN924','2025-04-25','13:00:00','15:00:00'),(8877,'HU398','TRN924','2025-04-28','09:00:00','11:00:00'),(8878,'HU398','TRN924','2025-04-29','11:00:00','13:00:00'),(8879,'HU398','TRN924','2025-04-30','14:00:00','16:00:00'),(8880,'HU398','TRN924','2025-05-01','10:00:00','12:00:00'),(8881,'HU398','TRN924','2025-05-02','13:00:00','15:00:00'),(8882,'HU398','TRN924','2025-05-05','09:00:00','11:00:00'),(8883,'HU398','TRN924','2025-05-06','11:00:00','13:00:00'),(8884,'HU398','TRN924','2025-05-07','14:00:00','16:00:00'),(8885,'HU398','TRN924','2025-05-08','10:00:00','12:00:00'),(8894,'EC947','TRN932','2025-04-08','11:00:00','13:00:00'),(8895,'EC947','TRN932','2025-04-09','14:00:00','16:00:00'),(8896,'EC947','TRN932','2025-04-10','10:00:00','12:00:00'),(8897,'EC947','TRN932','2025-04-11','13:00:00','15:00:00'),(8898,'EC947','TRN932','2025-04-14','09:00:00','11:00:00'),(8899,'EC947','TRN932','2025-04-15','11:00:00','13:00:00'),(8900,'EC947','TRN932','2025-04-16','14:00:00','16:00:00'),(8901,'EC947','TRN932','2025-04-17','10:00:00','12:00:00'),(8902,'EC947','TRN932','2025-04-18','13:00:00','15:00:00'),(8903,'EC947','TRN932','2025-04-21','09:00:00','11:00:00'),(8904,'EC947','TRN932','2025-04-22','11:00:00','13:00:00'),(8905,'EC947','TRN932','2025-04-23','14:00:00','16:00:00'),(8906,'EC947','TRN932','2025-04-24','10:00:00','12:00:00'),(8907,'EC947','TRN932','2025-04-25','13:00:00','15:00:00'),(8908,'EC947','TRN932','2025-04-28','09:00:00','11:00:00'),(8909,'EC947','TRN932','2025-04-29','11:00:00','13:00:00'),(8910,'EC947','TRN932','2025-04-30','14:00:00','16:00:00'),(8911,'EC947','TRN932','2025-05-01','10:00:00','12:00:00'),(8912,'EC947','TRN932','2025-05-02','13:00:00','15:00:00'),(8913,'EC947','TRN932','2025-05-05','09:00:00','11:00:00'),(8914,'EC947','TRN932','2025-05-06','11:00:00','13:00:00'),(8915,'EC947','TRN932','2025-05-07','14:00:00','16:00:00'),(8916,'EC947','TRN932','2025-05-08','10:00:00','12:00:00'),(8925,'IS227','TRN989','2025-04-08','11:00:00','13:00:00'),(8926,'IS227','TRN989','2025-04-09','14:00:00','16:00:00'),(8927,'IS227','TRN989','2025-04-10','10:00:00','12:00:00'),(8928,'IS227','TRN989','2025-04-11','13:00:00','15:00:00'),(8929,'IS227','TRN989','2025-04-14','09:00:00','11:00:00'),(8930,'IS227','TRN989','2025-04-15','11:00:00','13:00:00'),(8931,'IS227','TRN989','2025-04-16','14:00:00','16:00:00'),(8932,'IS227','TRN989','2025-04-17','10:00:00','12:00:00'),(8933,'IS227','TRN989','2025-04-18','13:00:00','15:00:00'),(8934,'IS227','TRN989','2025-04-21','09:00:00','11:00:00'),(8935,'IS227','TRN989','2025-04-22','11:00:00','13:00:00'),(8936,'IS227','TRN989','2025-04-23','14:00:00','16:00:00'),(8937,'IS227','TRN989','2025-04-24','10:00:00','12:00:00'),(8938,'IS227','TRN989','2025-04-25','13:00:00','15:00:00'),(8939,'IS227','TRN989','2025-04-28','09:00:00','11:00:00'),(8940,'IS227','TRN989','2025-04-29','11:00:00','13:00:00'),(8941,'IS227','TRN989','2025-04-30','14:00:00','16:00:00'),(8942,'IS227','TRN989','2025-05-01','10:00:00','12:00:00'),(8943,'IS227','TRN989','2025-05-02','13:00:00','15:00:00'),(8944,'IS227','TRN989','2025-05-05','09:00:00','11:00:00'),(8945,'IS227','TRN989','2025-05-06','11:00:00','13:00:00'),(8946,'IS227','TRN989','2025-05-07','14:00:00','16:00:00'),(8947,'IS227','TRN989','2025-05-08','10:00:00','12:00:00'),(8956,'HU394','TRN042','2025-04-08','11:00:00','13:00:00'),(8957,'HU394','TRN042','2025-04-09','14:00:00','16:00:00'),(8958,'HU394','TRN042','2025-04-10','10:00:00','12:00:00'),(8959,'HU394','TRN042','2025-04-11','13:00:00','15:00:00'),(8960,'HU394','TRN042','2025-04-14','09:00:00','11:00:00'),(8961,'HU394','TRN042','2025-04-15','11:00:00','13:00:00'),(8962,'HU394','TRN042','2025-04-16','14:00:00','16:00:00'),(8963,'HU394','TRN042','2025-04-17','10:00:00','12:00:00'),(8964,'HU394','TRN042','2025-04-18','13:00:00','15:00:00'),(8965,'HU394','TRN042','2025-04-21','09:00:00','11:00:00'),(8966,'HU394','TRN042','2025-04-22','11:00:00','13:00:00'),(8967,'HU394','TRN042','2025-04-23','14:00:00','16:00:00'),(8968,'HU394','TRN042','2025-04-24','10:00:00','12:00:00'),(8969,'HU394','TRN042','2025-04-25','13:00:00','15:00:00'),(8970,'HU394','TRN042','2025-04-28','09:00:00','11:00:00'),(8971,'HU394','TRN042','2025-04-29','11:00:00','13:00:00'),(8972,'HU394','TRN042','2025-04-30','14:00:00','16:00:00'),(8973,'HU394','TRN042','2025-05-01','10:00:00','12:00:00'),(8974,'HU394','TRN042','2025-05-02','13:00:00','15:00:00'),(8975,'HU394','TRN042','2025-05-05','09:00:00','11:00:00'),(8976,'HU394','TRN042','2025-05-06','11:00:00','13:00:00'),(8977,'HU394','TRN042','2025-05-07','14:00:00','16:00:00'),(8978,'HU394','TRN042','2025-05-08','10:00:00','12:00:00'),(8987,'HU601','TRN992','2025-04-08','11:00:00','13:00:00'),(8988,'HU601','TRN992','2025-04-09','14:00:00','16:00:00'),(8989,'HU601','TRN992','2025-04-10','10:00:00','12:00:00'),(8990,'HU601','TRN992','2025-04-11','13:00:00','15:00:00'),(8991,'HU601','TRN992','2025-04-14','09:00:00','11:00:00'),(8992,'HU601','TRN992','2025-04-15','11:00:00','13:00:00'),(8993,'HU601','TRN992','2025-04-16','14:00:00','16:00:00'),(8994,'HU601','TRN992','2025-04-17','10:00:00','12:00:00'),(8995,'HU601','TRN992','2025-04-18','13:00:00','15:00:00'),(8996,'HU601','TRN992','2025-04-21','09:00:00','11:00:00'),(8997,'HU601','TRN992','2025-04-22','11:00:00','13:00:00'),(8998,'HU601','TRN992','2025-04-23','14:00:00','16:00:00'),(8999,'HU601','TRN992','2025-04-24','10:00:00','12:00:00'),(9000,'HU601','TRN992','2025-04-25','13:00:00','15:00:00'),(9001,'HU601','TRN992','2025-04-28','09:00:00','11:00:00'),(9002,'HU601','TRN992','2025-04-29','11:00:00','13:00:00'),(9003,'HU601','TRN992','2025-04-30','14:00:00','16:00:00'),(9004,'HU601','TRN992','2025-05-01','10:00:00','12:00:00'),(9005,'HU601','TRN992','2025-05-02','13:00:00','15:00:00'),(9006,'HU601','TRN992','2025-05-05','09:00:00','11:00:00'),(9007,'HU601','TRN992','2025-05-06','11:00:00','13:00:00'),(9008,'HU601','TRN992','2025-05-07','14:00:00','16:00:00'),(9009,'HU601','TRN992','2025-05-08','10:00:00','12:00:00'),(9018,'MA922','TRN104','2025-04-08','11:00:00','13:00:00'),(9019,'MA922','TRN104','2025-04-09','14:00:00','16:00:00'),(9020,'MA922','TRN104','2025-04-10','10:00:00','12:00:00'),(9021,'MA922','TRN104','2025-04-11','13:00:00','15:00:00'),(9022,'MA922','TRN104','2025-04-14','09:00:00','11:00:00'),(9023,'MA922','TRN104','2025-04-15','11:00:00','13:00:00'),(9024,'MA922','TRN104','2025-04-16','14:00:00','16:00:00'),(9025,'MA922','TRN104','2025-04-17','10:00:00','12:00:00'),(9026,'MA922','TRN104','2025-04-18','13:00:00','15:00:00'),(9027,'MA922','TRN104','2025-04-21','09:00:00','11:00:00'),(9028,'MA922','TRN104','2025-04-22','11:00:00','13:00:00'),(9029,'MA922','TRN104','2025-04-23','14:00:00','16:00:00'),(9030,'MA922','TRN104','2025-04-24','10:00:00','12:00:00'),(9031,'MA922','TRN104','2025-04-25','13:00:00','15:00:00'),(9032,'MA922','TRN104','2025-04-28','09:00:00','11:00:00'),(9033,'MA922','TRN104','2025-04-29','11:00:00','13:00:00'),(9034,'MA922','TRN104','2025-04-30','14:00:00','16:00:00'),(9035,'MA922','TRN104','2025-05-01','10:00:00','12:00:00'),(9036,'MA922','TRN104','2025-05-02','13:00:00','15:00:00'),(9037,'MA922','TRN104','2025-05-05','09:00:00','11:00:00'),(9038,'MA922','TRN104','2025-05-06','11:00:00','13:00:00'),(9039,'MA922','TRN104','2025-05-07','14:00:00','16:00:00'),(9040,'MA922','TRN104','2025-05-08','10:00:00','12:00:00'),(9049,'MA665','TRN144','2025-04-08','11:00:00','13:00:00'),(9050,'MA665','TRN144','2025-04-09','14:00:00','16:00:00'),(9051,'MA665','TRN144','2025-04-10','10:00:00','12:00:00'),(9052,'MA665','TRN144','2025-04-11','13:00:00','15:00:00'),(9053,'MA665','TRN144','2025-04-14','09:00:00','11:00:00'),(9054,'MA665','TRN144','2025-04-15','11:00:00','13:00:00'),(9055,'MA665','TRN144','2025-04-16','14:00:00','16:00:00'),(9056,'MA665','TRN144','2025-04-17','10:00:00','12:00:00'),(9057,'MA665','TRN144','2025-04-18','13:00:00','15:00:00'),(9058,'MA665','TRN144','2025-04-21','09:00:00','11:00:00'),(9059,'MA665','TRN144','2025-04-22','11:00:00','13:00:00'),(9060,'MA665','TRN144','2025-04-23','14:00:00','16:00:00'),(9061,'MA665','TRN144','2025-04-24','10:00:00','12:00:00'),(9062,'MA665','TRN144','2025-04-25','13:00:00','15:00:00'),(9063,'MA665','TRN144','2025-04-28','09:00:00','11:00:00'),(9064,'MA665','TRN144','2025-04-29','11:00:00','13:00:00'),(9065,'MA665','TRN144','2025-04-30','14:00:00','16:00:00'),(9066,'MA665','TRN144','2025-05-01','10:00:00','12:00:00'),(9067,'MA665','TRN144','2025-05-02','13:00:00','15:00:00'),(9068,'MA665','TRN144','2025-05-05','09:00:00','11:00:00'),(9069,'MA665','TRN144','2025-05-06','11:00:00','13:00:00'),(9070,'MA665','TRN144','2025-05-07','14:00:00','16:00:00'),(9071,'MA665','TRN144','2025-05-08','10:00:00','12:00:00'),(9080,'CS836','TRN224','2025-04-08','11:00:00','13:00:00'),(9081,'CS836','TRN224','2025-04-09','14:00:00','16:00:00'),(9082,'CS836','TRN224','2025-04-10','10:00:00','12:00:00'),(9083,'CS836','TRN224','2025-04-11','13:00:00','15:00:00'),(9084,'CS836','TRN224','2025-04-14','09:00:00','11:00:00'),(9085,'CS836','TRN224','2025-04-15','11:00:00','13:00:00'),(9086,'CS836','TRN224','2025-04-16','14:00:00','16:00:00'),(9087,'CS836','TRN224','2025-04-17','10:00:00','12:00:00'),(9088,'CS836','TRN224','2025-04-18','13:00:00','15:00:00'),(9089,'CS836','TRN224','2025-04-21','09:00:00','11:00:00'),(9090,'CS836','TRN224','2025-04-22','11:00:00','13:00:00'),(9091,'CS836','TRN224','2025-04-23','14:00:00','16:00:00'),(9092,'CS836','TRN224','2025-04-24','10:00:00','12:00:00'),(9093,'CS836','TRN224','2025-04-25','13:00:00','15:00:00'),(9094,'CS836','TRN224','2025-04-28','09:00:00','11:00:00'),(9095,'CS836','TRN224','2025-04-29','11:00:00','13:00:00'),(9096,'CS836','TRN224','2025-04-30','14:00:00','16:00:00'),(9097,'CS836','TRN224','2025-05-01','10:00:00','12:00:00'),(9098,'CS836','TRN224','2025-05-02','13:00:00','15:00:00'),(9099,'CS836','TRN224','2025-05-05','09:00:00','11:00:00'),(9100,'CS836','TRN224','2025-05-06','11:00:00','13:00:00'),(9101,'CS836','TRN224','2025-05-07','14:00:00','16:00:00'),(9102,'CS836','TRN224','2025-05-08','10:00:00','12:00:00');
/*!40000 ALTER TABLE `ClassSessions` ENABLE KEYS */;
UNLOCK TABLES;

--
-- Table structure for table `Courses`
--

DROP TABLE IF EXISTS `Courses`;
/*!40101 SET @saved_cs_client     = @@character_set_client */;
/*!50503 SET character_set_client = utf8mb4 */;
CREATE TABLE `Courses` (
  `course_code` varchar(30) COLLATE utf8mb4_unicode_ci NOT NULL,
  `course_name` varchar(100) COLLATE utf8mb4_unicode_ci NOT NULL,
  `credits` int DEFAULT NULL,
  `total_classes` int DEFAULT NULL,
  PRIMARY KEY (`course_code`)
) ENGINE=InnoDB DEFAULT CHARSET=utf8mb4 COLLATE=utf8mb4_unicode_ci;
/*!40101 SET character_set_client = @saved_cs_client */;

--
-- Dumping data for table `Courses`
--

LOCK TABLES `Courses` WRITE;
/*!40000 ALTER TABLE `Courses` DISABLE KEYS */;
INSERT INTO `Courses` VALUES ('CS182','Introduction to Information Systems',6,100),('CS295','Fundamentals of Networks',6,100),('CS408','Topics in Electronics',2,20),('CS726','Fundamentals of Database Systems',2,20),('CS836','Topics in Cybersecurity',5,80),('CS924','Workshop in Cybersecurity',2,20),('EC193','Fundamentals of Web Development',3,40),('EC423','Seminar on Mobile Computing',6,100),('EC553','Fundamentals of Machine Learning',5,80),('EC827','Seminar on Software Engineering',5,80),('EC947','Seminar on Machine Learning',4,60),('HU114','Seminar on Humanities',4,60),('HU308','Advanced Computer Science',2,20),('HU327','Special Topics in Machine Learning',5,80),('HU366','Introduction to Algorithms',6,100),('HU394','Topics in Cybersecurity',5,80),('HU398','Fundamentals of Data Structures',2,20),('HU440','Special Topics in Statistics',2,20),('HU558','Advanced Cybersecurity',2,20),('HU601','Principles of Data Structures',6,100),('HU660','Introduction to Computer Science',3,40),('HU755','Advanced Artificial Intelligence',3,40),('IS227','Advanced Operating Systems',2,20),('IS433','Principles of Machine Learning',5,80),('IS740','Fundamentals of Cybersecurity',3,40),('IS991','Special Topics in Networks',3,40),('MA665','Advanced Mathematics',3,40),('MA922','Workshop in Data Structures',6,100),('PH349','Introduction to Software Engineering',2,20),('PH996','Advanced Artificial Intelligence',3,40);
/*!40000 ALTER TABLE `Courses` ENABLE KEYS */;
UNLOCK TABLES;

--
-- Table structure for table `StudentEnrollments`
--

DROP TABLE IF EXISTS `StudentEnrollments`;
/*!40101 SET @saved_cs_client     = @@character_set_client */;
/*!50503 SET character_set_client = utf8mb4 */;
CREATE TABLE `StudentEnrollments` (
  `srn` varchar(13) COLLATE utf8mb4_unicode_ci NOT NULL,
  `course_code` varchar(20) COLLATE utf8mb4_unicode_ci NOT NULL,
  `enrollment_date` date DEFAULT (curdate()),
  PRIMARY KEY (`srn`,`course_code`),
  KEY `course_code` (`course_code`),
  CONSTRAINT `StudentEnrollments_ibfk_1` FOREIGN KEY (`srn`) REFERENCES `Students` (`srn`),
  CONSTRAINT `StudentEnrollments_ibfk_2` FOREIGN KEY (`course_code`) REFERENCES `Courses` (`course_code`)
) ENGINE=InnoDB DEFAULT CHARSET=utf8mb4 COLLATE=utf8mb4_unicode_ci;
/*!40101 SET character_set_client = @saved_cs_client */;

--
-- Dumping data for table `StudentEnrollments`
--

LOCK TABLES `StudentEnrollments` WRITE;
/*!40000 ALTER TABLE `StudentEnrollments` DISABLE KEYS */;
INSERT INTO `StudentEnrollments` VALUES ('PES2UG22CS001','CS295','2025-04-08'),('PES2UG22CS001','EC423','2025-04-08'),('PES2UG22CS001','HU114','2025-04-08'),('PES2UG22CS001','IS433','2025-04-08'),('PES2UG22CS001','PH349','2025-04-08'),('PES2UG22CS002','EC947','2025-04-08'),('PES2UG22CS002','HU394','2025-04-08'),('PES2UG22CS002','IS227','2025-04-08'),('PES2UG22CS002','IS740','2025-04-08'),('PES2UG22CS002','MA922','2025-04-08'),('PES2UG22CS003','CS836','2025-04-08'),('PES2UG22CS003','CS924','2025-04-08'),('PES2UG22CS003','HU114','2025-04-08'),('PES2UG22CS003','HU394','2025-04-08'),('PES2UG22CS003','IS433','2025-04-08'),('PES2UG22CS004','CS182','2025-04-08'),('PES2UG22CS004','CS295','2025-04-08'),('PES2UG22CS004','HU366','2025-04-08'),('PES2UG22CS004','HU394','2025-04-08'),('PES2UG22CS004','HU755','2025-04-08'),('PES2UG22CS013','EC193','2025-04-08'),('PES2UG22CS013','HU394','2025-04-08'),('PES2UG22CS013','HU601','2025-04-08'),('PES2UG22CS013','HU755','2025-04-08'),('PES2UG22CS013','IS433','2025-04-08'),('PES2UG22CS014','CS408','2025-04-08'),('PES2UG22CS014','IS227','2025-04-08'),('PES2UG22CS014','IS433','2025-04-08'),('PES2UG22CS014','IS740','2025-04-08'),('PES2UG22CS014','IS991','2025-04-08'),('PES2UG22CS015','EC553','2025-04-08'),('PES2UG22CS015','HU114','2025-04-08'),('PES2UG22CS015','HU558','2025-04-08'),('PES2UG22CS015','HU660','2025-04-08'),('PES2UG22CS015','PH349','2025-04-08'),('PES2UG22CS016','CS182','2025-04-08'),('PES2UG22CS016','HU440','2025-04-08'),('PES2UG22CS016','HU755','2025-04-08'),('PES2UG22CS016','IS433','2025-04-08'),('PES2UG22CS016','IS740','2025-04-08'),('PES2UG22CS020','CS726','2025-04-08'),('PES2UG22CS020','EC193','2025-04-08'),('PES2UG22CS020','HU394','2025-04-08'),('PES2UG22CS020','HU440','2025-04-08'),('PES2UG22CS020','IS227','2025-04-08'),('PES2UG22CS023','CS182','2025-04-08'),('PES2UG22CS023','CS726','2025-04-08'),('PES2UG22CS023','CS924','2025-04-08'),('PES2UG22CS023','EC827','2025-04-08'),('PES2UG22CS023','EC947','2025-04-08'),('PES2UG22CS033','EC827','2025-04-08'),('PES2UG22CS033','HU114','2025-04-08'),('PES2UG22CS033','HU308','2025-04-08'),('PES2UG22CS033','HU558','2025-04-08'),('PES2UG22CS033','PH996','2025-04-08'),('PES2UG22CS040','CS182','2025-04-08'),('PES2UG22CS040','EC193','2025-04-08'),('PES2UG22CS040','HU308','2025-04-08'),('PES2UG22CS040','HU327','2025-04-08'),('PES2UG22CS040','HU366','2025-04-08'),('PES2UG22CS042','CS295','2025-04-08'),('PES2UG22CS042','CS836','2025-04-08'),('PES2UG22CS042','HU114','2025-04-08'),('PES2UG22CS042','HU440','2025-04-08'),('PES2UG22CS042','IS227','2025-04-08'),('PES2UG22CS044','CS726','2025-04-08'),('PES2UG22CS044','EC827','2025-04-08'),('PES2UG22CS044','HU440','2025-04-08'),('PES2UG22CS044','IS227','2025-04-08'),('PES2UG22CS044','MA665','2025-04-08'),('PES2UG22CS047','CS408','2025-04-08'),('PES2UG22CS047','HU308','2025-04-08'),('PES2UG22CS047','HU660','2025-04-08'),('PES2UG22CS047','HU755','2025-04-08'),('PES2UG22CS047','IS991','2025-04-08'),('PES2UG22CS048','EC553','2025-04-08'),('PES2UG22CS048','HU366','2025-04-08'),('PES2UG22CS048','HU398','2025-04-08'),('PES2UG22CS048','IS740','2025-04-08'),('PES2UG22CS048','PH349','2025-04-08'),('PES2UG22CS052','CS408','2025-04-08'),('PES2UG22CS052','EC193','2025-04-08'),('PES2UG22CS052','EC827','2025-04-08'),('PES2UG22CS052','HU327','2025-04-08'),('PES2UG22CS052','PH349','2025-04-08'),('PES2UG22CS060','CS295','2025-04-08'),('PES2UG22CS060','CS726','2025-04-08'),('PES2UG22CS060','CS836','2025-04-08'),('PES2UG22CS060','EC423','2025-04-08'),('PES2UG22CS060','HU394','2025-04-08'),('PES2UG22CS066','EC193','2025-04-08'),('PES2UG22CS066','HU114','2025-04-08'),('PES2UG22CS066','HU366','2025-04-08'),('PES2UG22CS066','HU440','2025-04-08'),('PES2UG22CS066','PH996','2025-04-08'),('PES2UG22CS081','EC423','2025-04-08'),('PES2UG22CS081','HU394','2025-04-08'),('PES2UG22CS081','HU601','2025-04-08'),('PES2UG22CS081','IS433','2025-04-08'),('PES2UG22CS081','IS740','2025-04-08'),('PES2UG22CS083','CS182','2025-04-08'),('PES2UG22CS083','HU398','2025-04-08'),('PES2UG22CS083','IS227','2025-04-08'),('PES2UG22CS083','IS991','2025-04-08'),('PES2UG22CS083','MA922','2025-04-08'),('PES2UG22CS084','EC193','2025-04-08'),('PES2UG22CS084','EC423','2025-04-08'),('PES2UG22CS084','HU114','2025-04-08'),('PES2UG22CS084','HU308','2025-04-08'),('PES2UG22CS084','PH996','2025-04-08'),('PES2UG22CS086','CS408','2025-04-08'),('PES2UG22CS086','CS924','2025-04-08'),('PES2UG22CS086','EC193','2025-04-08'),('PES2UG22CS086','HU558','2025-04-08'),('PES2UG22CS086','IS991','2025-04-08'),('PES2UG22CS101','CS924','2025-04-08'),('PES2UG22CS101','HU394','2025-04-08'),('PES2UG22CS101','HU398','2025-04-08'),('PES2UG22CS101','IS227','2025-04-08'),('PES2UG22CS101','MA665','2025-04-08'),('PES2UG22CS103','EC193','2025-04-08'),('PES2UG22CS103','EC423','2025-04-08'),('PES2UG22CS103','HU114','2025-04-08'),('PES2UG22CS103','IS227','2025-04-08'),('PES2UG22CS103','IS740','2025-04-08'),('PES2UG22CS118','EC553','2025-04-08'),('PES2UG22CS118','HU114','2025-04-08'),('PES2UG22CS118','HU660','2025-04-08'),('PES2UG22CS118','PH349','2025-04-08'),('PES2UG22CS118','PH996','2025-04-08'),('PES2UG22CS119','CS836','2025-04-08'),('PES2UG22CS119','EC827','2025-04-08'),('PES2UG22CS119','HU394','2025-04-08'),('PES2UG22CS119','HU398','2025-04-08'),('PES2UG22CS119','MA922','2025-04-08'),('PES2UG22CS121','CS924','2025-04-08'),('PES2UG22CS121','HU755','2025-04-08'),('PES2UG22CS121','IS227','2025-04-08'),('PES2UG22CS121','IS433','2025-04-08'),('PES2UG22CS121','PH996','2025-04-08'),('PES2UG22CS122','CS408','2025-04-08'),('PES2UG22CS122','CS836','2025-04-08'),('PES2UG22CS122','HU398','2025-04-08'),('PES2UG22CS122','HU601','2025-04-08'),('PES2UG22CS122','PH349','2025-04-08'),('PES2UG22CS134','EC827','2025-04-08'),('PES2UG22CS134','HU327','2025-04-08'),('PES2UG22CS134','HU558','2025-04-08'),('PES2UG22CS134','IS227','2025-04-08'),('PES2UG22CS134','PH349','2025-04-08'),('PES2UG22CS136','EC193','2025-04-08'),('PES2UG22CS136','EC553','2025-04-08'),('PES2UG22CS136','HU327','2025-04-08'),('PES2UG22CS136','HU660','2025-04-08'),('PES2UG22CS136','IS433','2025-04-08'),('PES2UG22CS137','CS182','2025-04-08'),('PES2UG22CS137','CS924','2025-04-08'),('PES2UG22CS137','EC553','2025-04-08'),('PES2UG22CS137','MA922','2025-04-08'),('PES2UG22CS137','PH349','2025-04-08'),('PES2UG22CS139','CS182','2025-04-08'),('PES2UG22CS139','EC193','2025-04-08'),('PES2UG22CS139','EC423','2025-04-08'),('PES2UG22CS139','HU327','2025-04-08'),('PES2UG22CS139','HU394','2025-04-08'),('PES2UG22CS158','CS408','2025-04-08'),('PES2UG22CS158','EC423','2025-04-08'),('PES2UG22CS158','HU394','2025-04-08'),('PES2UG22CS158','HU398','2025-04-08'),('PES2UG22CS158','IS991','2025-04-08'),('PES2UG22CS159','CS182','2025-04-08'),('PES2UG22CS159','HU327','2025-04-08'),('PES2UG22CS159','HU755','2025-04-08'),('PES2UG22CS159','IS227','2025-04-08'),('PES2UG22CS159','PH996','2025-04-08'),('PES2UG22CS162','CS726','2025-04-08'),('PES2UG22CS162','EC193','2025-04-08'),('PES2UG22CS162','EC423','2025-04-08'),('PES2UG22CS162','HU366','2025-04-08'),('PES2UG22CS162','IS991','2025-04-08'),('PES2UG22CS163','CS182','2025-04-08'),('PES2UG22CS163','CS836','2025-04-08'),('PES2UG22CS163','CS924','2025-04-08'),('PES2UG22CS163','EC553','2025-04-08'),('PES2UG22CS163','IS991','2025-04-08'),('PES2UG22CS164','CS924','2025-04-08'),('PES2UG22CS164','HU114','2025-04-08'),('PES2UG22CS164','HU394','2025-04-08'),('PES2UG22CS164','IS433','2025-04-08'),('PES2UG22CS164','IS740','2025-04-08'),('PES2UG22CS166','CS924','2025-04-08'),('PES2UG22CS166','EC423','2025-04-08'),('PES2UG22CS166','HU394','2025-04-08'),('PES2UG22CS166','HU398','2025-04-08'),('PES2UG22CS166','IS740','2025-04-08'),('PES2UG22CS170','CS836','2025-04-08'),('PES2UG22CS170','EC193','2025-04-08'),('PES2UG22CS170','HU398','2025-04-08'),('PES2UG22CS170','HU660','2025-04-08'),('PES2UG22CS170','PH996','2025-04-08'),('PES2UG22CS174','CS182','2025-04-08'),('PES2UG22CS174','EC423','2025-04-08'),('PES2UG22CS174','EC827','2025-04-08'),('PES2UG22CS174','HU114','2025-04-08'),('PES2UG22CS174','HU660','2025-04-08'),('PES2UG22CS180','CS295','2025-04-08'),('PES2UG22CS180','CS408','2025-04-08'),('PES2UG22CS180','CS726','2025-04-08'),('PES2UG22CS180','HU327','2025-04-08'),('PES2UG22CS180','HU366','2025-04-08'),('PES2UG22CS187','EC193','2025-04-08'),('PES2UG22CS187','EC423','2025-04-08'),('PES2UG22CS187','EC553','2025-04-08'),('PES2UG22CS187','HU366','2025-04-08'),('PES2UG22CS187','HU398','2025-04-08'),('PES2UG22CS193','CS924','2025-04-08'),('PES2UG22CS193','EC193','2025-04-08'),('PES2UG22CS193','EC423','2025-04-08'),('PES2UG22CS193','HU440','2025-04-08'),('PES2UG22CS193','HU601','2025-04-08'),('PES2UG22CS196','CS408','2025-04-08'),('PES2UG22CS196','EC827','2025-04-08'),('PES2UG22CS196','HU114','2025-04-08'),('PES2UG22CS196','HU660','2025-04-08'),('PES2UG22CS196','IS433','2025-04-08'),('PES2UG22CS197','CS182','2025-04-08'),('PES2UG22CS197','CS726','2025-04-08'),('PES2UG22CS197','EC553','2025-04-08'),('PES2UG22CS197','IS740','2025-04-08'),('PES2UG22CS197','PH996','2025-04-08'),('PES2UG22CS204','CS726','2025-04-08'),('PES2UG22CS204','CS924','2025-04-08'),('PES2UG22CS204','EC193','2025-04-08'),('PES2UG22CS204','HU660','2025-04-08'),('PES2UG22CS204','IS227','2025-04-08'),('PES2UG22CS209','EC947','2025-04-08'),('PES2UG22CS209','HU394','2025-04-08'),('PES2UG22CS209','HU660','2025-04-08'),('PES2UG22CS209','IS991','2025-04-08'),('PES2UG22CS209','PH349','2025-04-08'),('PES2UG22CS211','CS924','2025-04-08'),('PES2UG22CS211','HU327','2025-04-08'),('PES2UG22CS211','HU660','2025-04-08'),('PES2UG22CS211','PH349','2025-04-08'),('PES2UG22CS211','PH996','2025-04-08'),('PES2UG22CS219','CS408','2025-04-08'),('PES2UG22CS219','EC827','2025-04-08'),('PES2UG22CS219','HU440','2025-04-08'),('PES2UG22CS219','HU755','2025-04-08'),('PES2UG22CS219','IS227','2025-04-08'),('PES2UG22CS229','EC553','2025-04-08'),('PES2UG22CS229','HU327','2025-04-08'),('PES2UG22CS229','HU366','2025-04-08'),('PES2UG22CS229','HU755','2025-04-08'),('PES2UG22CS229','PH349','2025-04-08'),('PES2UG22CS246','CS726','2025-04-08'),('PES2UG22CS246','HU398','2025-04-08'),('PES2UG22CS246','HU660','2025-04-08'),('PES2UG22CS246','HU755','2025-04-08'),('PES2UG22CS246','IS227','2025-04-08'),('PES2UG22CS257','CS408','2025-04-08'),('PES2UG22CS257','HU114','2025-04-08'),('PES2UG22CS257','HU366','2025-04-08'),('PES2UG22CS257','HU440','2025-04-08'),('PES2UG22CS257','IS740','2025-04-08'),('PES2UG22CS263','EC193','2025-04-08'),('PES2UG22CS263','EC827','2025-04-08'),('PES2UG22CS263','HU366','2025-04-08'),('PES2UG22CS263','HU440','2025-04-08'),('PES2UG22CS263','IS991','2025-04-08'),('PES2UG22CS266','CS182','2025-04-08'),('PES2UG22CS266','CS836','2025-04-08'),('PES2UG22CS266','EC423','2025-04-08'),('PES2UG22CS266','HU398','2025-04-08'),('PES2UG22CS266','HU440','2025-04-08'),('PES2UG22CS282','CS182','2025-04-08'),('PES2UG22CS282','EC193','2025-04-08'),('PES2UG22CS282','EC423','2025-04-08'),('PES2UG22CS282','HU308','2025-04-08'),('PES2UG22CS282','MA922','2025-04-08'),('PES2UG22CS286','CS182','2025-04-08'),('PES2UG22CS286','CS726','2025-04-08'),('PES2UG22CS286','EC193','2025-04-08'),('PES2UG22CS286','IS227','2025-04-08'),('PES2UG22CS286','IS991','2025-04-08'),('PES2UG22CS287','CS182','2025-04-08'),('PES2UG22CS287','CS408','2025-04-08'),('PES2UG22CS287','EC827','2025-04-08'),('PES2UG22CS287','HU394','2025-04-08'),('PES2UG22CS287','IS740','2025-04-08'),('PES2UG22CS288','EC193','2025-04-08'),('PES2UG22CS288','EC423','2025-04-08'),('PES2UG22CS288','HU558','2025-04-08'),('PES2UG22CS288','IS991','2025-04-08'),('PES2UG22CS288','MA922','2025-04-08'),('PES2UG22CS295','EC827','2025-04-08'),('PES2UG22CS295','HU558','2025-04-08'),('PES2UG22CS295','IS991','2025-04-08'),('PES2UG22CS295','MA922','2025-04-08'),('PES2UG22CS295','PH349','2025-04-08'),('PES2UG22CS310','CS408','2025-04-08'),('PES2UG22CS310','CS726','2025-04-08'),('PES2UG22CS310','CS836','2025-04-08'),('PES2UG22CS310','CS924','2025-04-08'),('PES2UG22CS310','MA922','2025-04-08'),('PES2UG22CS318','CS408','2025-04-08'),('PES2UG22CS318','HU394','2025-04-08'),('PES2UG22CS318','IS740','2025-04-08'),('PES2UG22CS318','IS991','2025-04-08'),('PES2UG22CS318','PH996','2025-04-08'),('PES2UG22CS319','HU366','2025-04-08'),('PES2UG22CS319','HU755','2025-04-08'),('PES2UG22CS319','IS433','2025-04-08'),('PES2UG22CS319','IS740','2025-04-08'),('PES2UG22CS319','PH996','2025-04-08'),('PES2UG22CS320','EC827','2025-04-08'),('PES2UG22CS320','EC947','2025-04-08'),('PES2UG22CS320','HU308','2025-04-08'),('PES2UG22CS320','HU601','2025-04-08'),('PES2UG22CS320','MA665','2025-04-08'),('PES2UG22CS323','EC947','2025-04-08'),('PES2UG22CS323','HU114','2025-04-08'),('PES2UG22CS323','HU308','2025-04-08'),('PES2UG22CS323','HU558','2025-04-08'),('PES2UG22CS323','MA665','2025-04-08'),('PES2UG22CS324','CS182','2025-04-08'),('PES2UG22CS324','EC423','2025-04-08'),('PES2UG22CS324','EC553','2025-04-08'),('PES2UG22CS324','HU366','2025-04-08'),('PES2UG22CS324','IS740','2025-04-08'),('PES2UG22CS334','CS182','2025-04-08'),('PES2UG22CS334','CS295','2025-04-08'),('PES2UG22CS334','CS408','2025-04-08'),('PES2UG22CS334','HU601','2025-04-08'),('PES2UG22CS334','IS433','2025-04-08'),('PES2UG22CS343','CS836','2025-04-08'),('PES2UG22CS343','EC947','2025-04-08'),('PES2UG22CS343','HU601','2025-04-08'),('PES2UG22CS343','IS740','2025-04-08'),('PES2UG22CS343','MA665','2025-04-08'),('PES2UG22CS344','CS295','2025-04-08'),('PES2UG22CS344','EC193','2025-04-08'),('PES2UG22CS344','HU308','2025-04-08'),('PES2UG22CS344','HU558','2025-04-08'),('PES2UG22CS344','IS433','2025-04-08'),('PES2UG22CS351','EC827','2025-04-08'),('PES2UG22CS351','HU114','2025-04-08'),('PES2UG22CS351','IS227','2025-04-08'),('PES2UG22CS351','IS433','2025-04-08'),('PES2UG22CS351','IS991','2025-04-08'),('PES2UG22CS356','CS182','2025-04-08'),('PES2UG22CS356','CS408','2025-04-08'),('PES2UG22CS356','HU308','2025-04-08'),('PES2UG22CS356','HU366','2025-04-08'),('PES2UG22CS356','PH349','2025-04-08'),('PES2UG22CS361','CS182','2025-04-08'),('PES2UG22CS361','CS924','2025-04-08'),('PES2UG22CS361','EC193','2025-04-08'),('PES2UG22CS361','EC423','2025-04-08'),('PES2UG22CS361','HU601','2025-04-08'),('PES2UG22CS366','EC553','2025-04-08'),('PES2UG22CS366','EC947','2025-04-08'),('PES2UG22CS366','HU398','2025-04-08'),('PES2UG22CS366','HU601','2025-04-08'),('PES2UG22CS366','HU755','2025-04-08'),('PES2UG22CS368','CS726','2025-04-08'),('PES2UG22CS368','EC553','2025-04-08'),('PES2UG22CS368','HU327','2025-04-08'),('PES2UG22CS368','HU558','2025-04-08'),('PES2UG22CS368','IS227','2025-04-08'),('PES2UG22CS376','HU327','2025-04-08'),('PES2UG22CS376','HU366','2025-04-08'),('PES2UG22CS376','HU394','2025-04-08'),('PES2UG22CS376','IS227','2025-04-08'),('PES2UG22CS376','MA665','2025-04-08'),('PES2UG22CS382','EC423','2025-04-08'),('PES2UG22CS382','EC947','2025-04-08'),('PES2UG22CS382','HU114','2025-04-08'),('PES2UG22CS382','HU394','2025-04-08'),('PES2UG22CS382','HU660','2025-04-08'),('PES2UG22CS388','HU114','2025-04-08'),('PES2UG22CS388','IS740','2025-04-08'),('PES2UG22CS388','MA922','2025-04-08'),('PES2UG22CS388','PH349','2025-04-08'),('PES2UG22CS388','PH996','2025-04-08'),('PES2UG22CS398','CS295','2025-04-08'),('PES2UG22CS398','EC423','2025-04-08'),('PES2UG22CS398','IS227','2025-04-08'),('PES2UG22CS398','IS433','2025-04-08'),('PES2UG22CS398','PH349','2025-04-08'),('PES2UG22CS407','CS408','2025-04-08'),('PES2UG22CS407','CS836','2025-04-08'),('PES2UG22CS407','HU440','2025-04-08'),('PES2UG22CS407','HU755','2025-04-08'),('PES2UG22CS407','MA922','2025-04-08'),('PES2UG22CS412','CS182','2025-04-08'),('PES2UG22CS412','CS408','2025-04-08'),('PES2UG22CS412','HU398','2025-04-08'),('PES2UG22CS412','IS433','2025-04-08'),('PES2UG22CS412','MA665','2025-04-08'),('PES2UG22CS420','CS182','2025-04-08'),('PES2UG22CS420','EC553','2025-04-08'),('PES2UG22CS420','HU755','2025-04-08'),('PES2UG22CS420','IS991','2025-04-08'),('PES2UG22CS420','PH349','2025-04-08'),('PES2UG22CS425','HU114','2025-04-08'),('PES2UG22CS425','HU394','2025-04-08'),('PES2UG22CS425','HU601','2025-04-08'),('PES2UG22CS425','IS740','2025-04-08'),('PES2UG22CS425','IS991','2025-04-08'),('PES2UG22CS426','CS295','2025-04-08'),('PES2UG22CS426','CS726','2025-04-08'),('PES2UG22CS426','EC553','2025-04-08'),('PES2UG22CS426','EC947','2025-04-08'),('PES2UG22CS426','HU327','2025-04-08'),('PES2UG22CS428','CS182','2025-04-08'),('PES2UG22CS428','HU394','2025-04-08'),('PES2UG22CS428','HU660','2025-04-08'),('PES2UG22CS428','IS740','2025-04-08'),('PES2UG22CS428','PH349','2025-04-08'),('PES2UG22CS429','CS182','2025-04-08'),('PES2UG22CS429','EC827','2025-04-08'),('PES2UG22CS429','HU308','2025-04-08'),('PES2UG22CS429','HU601','2025-04-08'),('PES2UG22CS429','IS991','2025-04-08'),('PES2UG22CS446','CS726','2025-04-08'),('PES2UG22CS446','EC193','2025-04-08'),('PES2UG22CS446','EC423','2025-04-08'),('PES2UG22CS446','HU558','2025-04-08'),('PES2UG22CS446','PH996','2025-04-08'),('PES2UG22CS453','EC423','2025-04-08'),('PES2UG22CS453','EC553','2025-04-08'),('PES2UG22CS453','HU366','2025-04-08'),('PES2UG22CS453','IS991','2025-04-08'),('PES2UG22CS453','PH349','2025-04-08'),('PES2UG22CS457','CS726','2025-04-08'),('PES2UG22CS457','HU398','2025-04-08'),('PES2UG22CS457','IS433','2025-04-08'),('PES2UG22CS457','IS740','2025-04-08'),('PES2UG22CS457','PH996','2025-04-08'),('PES2UG22CS458','EC423','2025-04-08'),('PES2UG22CS458','EC827','2025-04-08'),('PES2UG22CS458','HU398','2025-04-08'),('PES2UG22CS458','HU558','2025-04-08'),('PES2UG22CS458','IS991','2025-04-08'),('PES2UG22CS459','HU114','2025-04-08'),('PES2UG22CS459','HU398','2025-04-08'),('PES2UG22CS459','HU558','2025-04-08'),('PES2UG22CS459','IS991','2025-04-08'),('PES2UG22CS459','PH349','2025-04-08'),('PES2UG22CS464','CS295','2025-04-08'),('PES2UG22CS464','HU114','2025-04-08'),('PES2UG22CS464','HU366','2025-04-08'),('PES2UG22CS464','IS740','2025-04-08'),('PES2UG22CS464','PH996','2025-04-08'),('PES2UG22CS469','CS836','2025-04-08'),('PES2UG22CS469','CS924','2025-04-08'),('PES2UG22CS469','HU308','2025-04-08'),('PES2UG22CS469','IS433','2025-04-08'),('PES2UG22CS469','IS991','2025-04-08'),('PES2UG22CS470','HU114','2025-04-08'),('PES2UG22CS470','HU366','2025-04-08'),('PES2UG22CS470','HU558','2025-04-08'),('PES2UG22CS470','HU755','2025-04-08'),('PES2UG22CS470','IS227','2025-04-08'),('PES2UG22CS479','CS408','2025-04-08'),('PES2UG22CS479','EC193','2025-04-08'),('PES2UG22CS479','EC827','2025-04-08'),('PES2UG22CS479','HU327','2025-04-08'),('PES2UG22CS479','HU366','2025-04-08'),('PES2UG22CS483','HU327','2025-04-08'),('PES2UG22CS483','HU366','2025-04-08'),('PES2UG22CS483','HU398','2025-04-08'),('PES2UG22CS483','HU660','2025-04-08'),('PES2UG22CS483','MA665','2025-04-08'),('PES2UG22CS488','EC193','2025-04-08'),('PES2UG22CS488','EC827','2025-04-08'),('PES2UG22CS488','IS433','2025-04-08'),('PES2UG22CS488','MA922','2025-04-08'),('PES2UG22CS488','PH349','2025-04-08'),('PES2UG22CS494','CS836','2025-04-08'),('PES2UG22CS494','CS924','2025-04-08'),('PES2UG22CS494','EC553','2025-04-08'),('PES2UG22CS494','HU114','2025-04-08'),('PES2UG22CS494','PH996','2025-04-08'),('PES2UG22CS499','CS182','2025-04-08'),('PES2UG22CS499','HU114','2025-04-08'),('PES2UG22CS499','HU398','2025-04-08'),('PES2UG22CS499','MA922','2025-04-08'),('PES2UG22CS499','PH996','2025-04-08'),('PES2UG22CS507','CS924','2025-04-08'),('PES2UG22CS507','EC553','2025-04-08'),('PES2UG22CS507','HU114','2025-04-08'),('PES2UG22CS507','MA665','2025-04-08'),('PES2UG22CS507','MA922','2025-04-08'),('PES2UG22CS521','CS408','2025-04-08'),('PES2UG22CS521','EC423','2025-04-08'),('PES2UG22CS521','HU327','2025-04-08'),('PES2UG22CS521','HU601','2025-04-08'),('PES2UG22CS521','IS227','2025-04-08'),('PES2UG22CS534','CS295','2025-04-08'),('PES2UG22CS534','CS836','2025-04-08'),('PES2UG22CS534','HU440','2025-04-08'),('PES2UG22CS534','HU558','2025-04-08'),('PES2UG22CS534','PH996','2025-04-08'),('PES2UG22CS541','CS836','2025-04-08'),('PES2UG22CS541','HU660','2025-04-08'),('PES2UG22CS541','MA665','2025-04-08'),('PES2UG22CS541','MA922','2025-04-08'),('PES2UG22CS541','PH349','2025-04-08'),('PES2UG22CS542','CS182','2025-04-08'),('PES2UG22CS542','EC553','2025-04-08'),('PES2UG22CS542','HU366','2025-04-08'),('PES2UG22CS542','HU394','2025-04-08'),('PES2UG22CS542','IS433','2025-04-08'),('PES2UG22CS543','EC423','2025-04-08'),('PES2UG22CS543','HU601','2025-04-08'),('PES2UG22CS543','IS740','2025-04-08'),('PES2UG22CS543','PH349','2025-04-08'),('PES2UG22CS543','PH996','2025-04-08'),('PES2UG22CS551','EC423','2025-04-08'),('PES2UG22CS551','EC827','2025-04-08'),('PES2UG22CS551','HU660','2025-04-08'),('PES2UG22CS551','MA665','2025-04-08'),('PES2UG22CS551','MA922','2025-04-08'),('PES2UG22CS558','CS182','2025-04-08'),('PES2UG22CS558','CS295','2025-04-08'),('PES2UG22CS558','HU308','2025-04-08'),('PES2UG22CS558','HU398','2025-04-08'),('PES2UG22CS558','HU601','2025-04-08'),('PES2UG22CS562','CS924','2025-04-08'),('PES2UG22CS562','EC553','2025-04-08'),('PES2UG22CS562','HU440','2025-04-08'),('PES2UG22CS562','IS740','2025-04-08'),('PES2UG22CS562','PH996','2025-04-08'),('PES2UG22CS572','CS836','2025-04-08'),('PES2UG22CS572','EC553','2025-04-08'),('PES2UG22CS572','HU394','2025-04-08'),('PES2UG22CS572','HU755','2025-04-08'),('PES2UG22CS572','PH996','2025-04-08'),('PES2UG22CS575','HU327','2025-04-08'),('PES2UG22CS575','HU366','2025-04-08'),('PES2UG22CS575','HU601','2025-04-08'),('PES2UG22CS575','IS991','2025-04-08'),('PES2UG22CS575','PH349','2025-04-08'),('PES2UG22CS582','CS295','2025-04-08'),('PES2UG22CS582','EC947','2025-04-08'),('PES2UG22CS582','HU558','2025-04-08'),('PES2UG22CS582','IS991','2025-04-08'),('PES2UG22CS582','MA665','2025-04-08'),('PES2UG22CS583','CS408','2025-04-08'),('PES2UG22CS583','HU440','2025-04-08'),('PES2UG22CS583','HU660','2025-04-08'),('PES2UG22CS583','HU755','2025-04-08'),('PES2UG22CS583','PH349','2025-04-08'),('PES2UG22CS584','EC553','2025-04-08'),('PES2UG22CS584','EC827','2025-04-08'),('PES2UG22CS584','HU394','2025-04-08'),('PES2UG22CS584','HU440','2025-04-08'),('PES2UG22CS584','PH996','2025-04-08'),('PES2UG22CS605','CS726','2025-04-08'),('PES2UG22CS605','HU398','2025-04-08'),('PES2UG22CS605','HU601','2025-04-08'),('PES2UG22CS605','HU755','2025-04-08'),('PES2UG22CS605','PH349','2025-04-08'),('PES2UG22CS609','CS836','2025-04-08'),('PES2UG22CS609','EC827','2025-04-08'),('PES2UG22CS609','HU366','2025-04-08'),('PES2UG22CS609','HU398','2025-04-08'),('PES2UG22CS609','IS227','2025-04-08'),('PES2UG22CS612','CS924','2025-04-08'),('PES2UG22CS612','HU394','2025-04-08'),('PES2UG22CS612','HU440','2025-04-08'),('PES2UG22CS612','HU660','2025-04-08'),('PES2UG22CS612','MA922','2025-04-08'),('PES2UG22CS619','CS295','2025-04-08'),('PES2UG22CS619','CS924','2025-04-08'),('PES2UG22CS619','HU398','2025-04-08'),('PES2UG22CS619','HU440','2025-04-08'),('PES2UG22CS619','IS227','2025-04-08'),('PES2UG22CS623','CS182','2025-04-08'),('PES2UG22CS623','HU114','2025-04-08'),('PES2UG22CS623','HU366','2025-04-08'),('PES2UG22CS623','MA922','2025-04-08'),('PES2UG22CS623','PH349','2025-04-08'),('PES2UG22CS625','CS924','2025-04-08'),('PES2UG22CS625','EC193','2025-04-08'),('PES2UG22CS625','HU660','2025-04-08'),('PES2UG22CS625','MA922','2025-04-08'),('PES2UG22CS625','PH349','2025-04-08'),('PES2UG22CS627','CS295','2025-04-08'),('PES2UG22CS627','EC193','2025-04-08'),('PES2UG22CS627','HU114','2025-04-08'),('PES2UG22CS627','MA665','2025-04-08'),('PES2UG22CS627','PH996','2025-04-08'),('PES2UG22CS636','CS295','2025-04-08'),('PES2UG22CS636','EC827','2025-04-08'),('PES2UG22CS636','HU308','2025-04-08'),('PES2UG22CS636','IS991','2025-04-08'),('PES2UG22CS636','MA922','2025-04-08'),('PES2UG22CS643','EC947','2025-04-08'),('PES2UG22CS643','HU114','2025-04-08'),('PES2UG22CS643','HU308','2025-04-08'),('PES2UG22CS643','HU440','2025-04-08'),('PES2UG22CS643','PH349','2025-04-08'),('PES2UG22CS649','CS295','2025-04-08'),('PES2UG22CS649','CS924','2025-04-08'),('PES2UG22CS649','HU398','2025-04-08'),('PES2UG22CS649','HU660','2025-04-08'),('PES2UG22CS649','IS991','2025-04-08'),('PES2UG22CS653','CS295','2025-04-08'),('PES2UG22CS653','CS836','2025-04-08'),('PES2UG22CS653','CS924','2025-04-08'),('PES2UG22CS653','EC553','2025-04-08'),('PES2UG22CS653','IS740','2025-04-08'),('PES2UG22CS656','CS726','2025-04-08'),('PES2UG22CS656','CS924','2025-04-08'),('PES2UG22CS656','HU308','2025-04-08'),('PES2UG22CS656','IS991','2025-04-08'),('PES2UG22CS656','MA922','2025-04-08'),('PES2UG22CS660','CS726','2025-04-08'),('PES2UG22CS660','EC423','2025-04-08'),('PES2UG22CS660','HU308','2025-04-08'),('PES2UG22CS660','HU327','2025-04-08'),('PES2UG22CS660','HU394','2025-04-08'),('PES2UG22CS661','CS836','2025-04-08'),('PES2UG22CS661','CS924','2025-04-08'),('PES2UG22CS661','HU114','2025-04-08'),('PES2UG22CS661','HU601','2025-04-08'),('PES2UG22CS661','IS433','2025-04-08'),('PES2UG22CS665','CS836','2025-04-08'),('PES2UG22CS665','HU398','2025-04-08'),('PES2UG22CS665','HU440','2025-04-08'),('PES2UG22CS665','HU558','2025-04-08'),('PES2UG22CS665','MA665','2025-04-08'),('PES2UG22CS667','EC423','2025-04-08'),('PES2UG22CS667','HU366','2025-04-08'),('PES2UG22CS667','IS227','2025-04-08'),('PES2UG22CS667','IS433','2025-04-08'),('PES2UG22CS667','PH349','2025-04-08'),('PES2UG22CS670','CS726','2025-04-08'),('PES2UG22CS670','HU394','2025-04-08'),('PES2UG22CS670','HU398','2025-04-08'),('PES2UG22CS670','HU601','2025-04-08'),('PES2UG22CS670','HU755','2025-04-08'),('PES2UG22CS672','CS182','2025-04-08'),('PES2UG22CS672','HU114','2025-04-08'),('PES2UG22CS672','HU308','2025-04-08'),('PES2UG22CS672','HU660','2025-04-08'),('PES2UG22CS672','IS991','2025-04-08'),('PES2UG22CS674','HU114','2025-04-08'),('PES2UG22CS674','HU440','2025-04-08'),('PES2UG22CS674','HU601','2025-04-08'),('PES2UG22CS674','HU755','2025-04-08'),('PES2UG22CS674','IS991','2025-04-08'),('PES2UG22CS679','CS295','2025-04-08'),('PES2UG22CS679','EC827','2025-04-08'),('PES2UG22CS679','HU327','2025-04-08'),('PES2UG22CS679','HU398','2025-04-08'),('PES2UG22CS679','HU755','2025-04-08'),('PES2UG22CS682','CS295','2025-04-08'),('PES2UG22CS682','CS836','2025-04-08'),('PES2UG22CS682','HU394','2025-04-08'),('PES2UG22CS682','MA665','2025-04-08'),('PES2UG22CS682','MA922','2025-04-08'),('PES2UG22CS689','HU327','2025-04-08'),('PES2UG22CS689','HU366','2025-04-08'),('PES2UG22CS689','HU601','2025-04-08'),('PES2UG22CS689','MA922','2025-04-08'),('PES2UG22CS689','PH349','2025-04-08'),('PES2UG22CS690','CS182','2025-04-08'),('PES2UG22CS690','CS924','2025-04-08'),('PES2UG22CS690','EC553','2025-04-08'),('PES2UG22CS690','HU755','2025-04-08'),('PES2UG22CS690','IS227','2025-04-08'),('PES2UG22CS692','EC423','2025-04-08'),('PES2UG22CS692','EC827','2025-04-08'),('PES2UG22CS692','HU558','2025-04-08'),('PES2UG22CS692','HU755','2025-04-08'),('PES2UG22CS692','MA922','2025-04-08'),('PES2UG22CS693','EC947','2025-04-08'),('PES2UG22CS693','HU558','2025-04-08'),('PES2UG22CS693','HU660','2025-04-08'),('PES2UG22CS693','IS740','2025-04-08'),('PES2UG22CS693','PH349','2025-04-08'),('PES2UG22CS695','CS295','2025-04-08'),('PES2UG22CS695','CS408','2025-04-08'),('PES2UG22CS695','CS726','2025-04-08'),('PES2UG22CS695','HU601','2025-04-08'),('PES2UG22CS695','PH996','2025-04-08'),('PES2UG22CS698','CS924','2025-04-08'),('PES2UG22CS698','EC423','2025-04-08'),('PES2UG22CS698','IS991','2025-04-08'),('PES2UG22CS698','MA922','2025-04-08'),('PES2UG22CS698','PH996','2025-04-08'),('PES2UG22CS706','CS182','2025-04-08'),('PES2UG22CS706','CS295','2025-04-08'),('PES2UG22CS706','EC423','2025-04-08'),('PES2UG22CS706','MA665','2025-04-08'),('PES2UG22CS706','PH996','2025-04-08'),('PES2UG22CS708','CS726','2025-04-08'),('PES2UG22CS708','EC193','2025-04-08'),('PES2UG22CS708','HU366','2025-04-08'),('PES2UG22CS708','IS991','2025-04-08'),('PES2UG22CS708','MA922','2025-04-08'),('PES2UG22CS715','CS408','2025-04-08'),('PES2UG22CS715','EC827','2025-04-08'),('PES2UG22CS715','HU398','2025-04-08'),('PES2UG22CS715','HU660','2025-04-08'),('PES2UG22CS715','PH996','2025-04-08'),('PES2UG22CS716','EC193','2025-04-08'),('PES2UG22CS716','HU114','2025-04-08'),('PES2UG22CS716','HU394','2025-04-08'),('PES2UG22CS716','HU601','2025-04-08'),('PES2UG22CS716','MA922','2025-04-08'),('PES2UG22CS719','CS924','2025-04-08'),('PES2UG22CS719','HU366','2025-04-08'),('PES2UG22CS719','HU440','2025-04-08'),('PES2UG22CS719','IS227','2025-04-08'),('PES2UG22CS719','MA922','2025-04-08'),('PES2UG22CS727','CS836','2025-04-08'),('PES2UG22CS727','HU114','2025-04-08'),('PES2UG22CS727','HU327','2025-04-08'),('PES2UG22CS727','HU366','2025-04-08'),('PES2UG22CS727','HU558','2025-04-08'),('PES2UG22CS728','EC193','2025-04-08'),('PES2UG22CS728','HU394','2025-04-08'),('PES2UG22CS728','HU398','2025-04-08'),('PES2UG22CS728','HU660','2025-04-08'),('PES2UG22CS728','IS740','2025-04-08'),('PES2UG22CS730','CS726','2025-04-08'),('PES2UG22CS730','HU601','2025-04-08'),('PES2UG22CS730','HU660','2025-04-08'),('PES2UG22CS730','IS227','2025-04-08'),('PES2UG22CS730','PH349','2025-04-08'),('PES2UG22CS733','EC423','2025-04-08'),('PES2UG22CS733','EC553','2025-04-08'),('PES2UG22CS733','HU601','2025-04-08'),('PES2UG22CS733','MA922','2025-04-08'),('PES2UG22CS733','PH996','2025-04-08'),('PES2UG22CS735','EC827','2025-04-08'),('PES2UG22CS735','HU398','2025-04-08'),('PES2UG22CS735','HU558','2025-04-08'),('PES2UG22CS735','IS433','2025-04-08'),('PES2UG22CS735','PH349','2025-04-08'),('PES2UG22CS743','CS295','2025-04-08'),('PES2UG22CS743','EC827','2025-04-08'),('PES2UG22CS743','EC947','2025-04-08'),('PES2UG22CS743','HU440','2025-04-08'),('PES2UG22CS743','PH349','2025-04-08'),('PES2UG22CS757','EC193','2025-04-08'),('PES2UG22CS757','HU601','2025-04-08'),('PES2UG22CS757','IS227','2025-04-08'),('PES2UG22CS757','MA922','2025-04-08'),('PES2UG22CS757','PH349','2025-04-08'),('PES2UG22CS760','HU308','2025-04-08'),('PES2UG22CS760','HU327','2025-04-08'),('PES2UG22CS760','HU440','2025-04-08'),('PES2UG22CS760','HU601','2025-04-08'),('PES2UG22CS760','MA922','2025-04-08'),('PES2UG22CS767','CS924','2025-04-08'),('PES2UG22CS767','EC193','2025-04-08'),('PES2UG22CS767','EC423','2025-04-08'),('PES2UG22CS767','HU114','2025-04-08'),('PES2UG22CS767','PH349','2025-04-08'),('PES2UG22CS768','HU327','2025-04-08'),('PES2UG22CS768','HU558','2025-04-08'),('PES2UG22CS768','IS227','2025-04-08'),('PES2UG22CS768','MA922','2025-04-08'),('PES2UG22CS768','PH996','2025-04-08'),('PES2UG22CS773','CS924','2025-04-08'),('PES2UG22CS773','HU308','2025-04-08'),('PES2UG22CS773','HU440','2025-04-08'),('PES2UG22CS773','IS991','2025-04-08'),('PES2UG22CS773','PH349','2025-04-08'),('PES2UG22CS774','CS726','2025-04-08'),('PES2UG22CS774','CS924','2025-04-08'),('PES2UG22CS774','HU308','2025-04-08'),('PES2UG22CS774','HU394','2025-04-08'),('PES2UG22CS774','IS227','2025-04-08'),('PES2UG22CS781','EC193','2025-04-08'),('PES2UG22CS781','EC947','2025-04-08'),('PES2UG22CS781','HU327','2025-04-08'),('PES2UG22CS781','HU601','2025-04-08'),('PES2UG22CS781','IS740','2025-04-08'),('PES2UG22CS786','CS408','2025-04-08'),('PES2UG22CS786','EC947','2025-04-08'),('PES2UG22CS786','HU308','2025-04-08'),('PES2UG22CS786','IS433','2025-04-08'),('PES2UG22CS786','IS991','2025-04-08'),('PES2UG22CS791','CS295','2025-04-08'),('PES2UG22CS791','HU114','2025-04-08'),('PES2UG22CS791','HU601','2025-04-08'),('PES2UG22CS791','IS740','2025-04-08'),('PES2UG22CS791','PH996','2025-04-08'),('PES2UG22CS808','CS408','2025-04-08'),('PES2UG22CS808','HU394','2025-04-08'),('PES2UG22CS808','HU558','2025-04-08'),('PES2UG22CS808','IS433','2025-04-08'),('PES2UG22CS808','PH996','2025-04-08'),('PES2UG22CS812','CS182','2025-04-08'),('PES2UG22CS812','HU398','2025-04-08'),('PES2UG22CS812','HU440','2025-04-08'),('PES2UG22CS812','IS227','2025-04-08'),('PES2UG22CS812','IS433','2025-04-08'),('PES2UG22CS820','CS836','2025-04-08'),('PES2UG22CS820','HU366','2025-04-08'),('PES2UG22CS820','IS227','2025-04-08'),('PES2UG22CS820','IS740','2025-04-08'),('PES2UG22CS820','MA922','2025-04-08'),('PES2UG22CS829','CS295','2025-04-08'),('PES2UG22CS829','CS924','2025-04-08'),('PES2UG22CS829','HU394','2025-04-08'),('PES2UG22CS829','MA922','2025-04-08'),('PES2UG22CS829','PH996','2025-04-08'),('PES2UG22CS832','EC553','2025-04-08'),('PES2UG22CS832','EC827','2025-04-08'),('PES2UG22CS832','HU601','2025-04-08'),('PES2UG22CS832','IS227','2025-04-08'),('PES2UG22CS832','MA665','2025-04-08'),('PES2UG22CS837','CS836','2025-04-08'),('PES2UG22CS837','HU308','2025-04-08'),('PES2UG22CS837','HU327','2025-04-08'),('PES2UG22CS837','HU398','2025-04-08'),('PES2UG22CS837','IS433','2025-04-08'),('PES2UG22CS843','CS836','2025-04-08'),('PES2UG22CS843','CS924','2025-04-08'),('PES2UG22CS843','HU366','2025-04-08'),('PES2UG22CS843','HU660','2025-04-08'),('PES2UG22CS843','PH349','2025-04-08'),('PES2UG22CS849','CS836','2025-04-08'),('PES2UG22CS849','HU366','2025-04-08'),('PES2UG22CS849','HU398','2025-04-08'),('PES2UG22CS849','HU660','2025-04-08'),('PES2UG22CS849','PH349','2025-04-08'),('PES2UG22CS858','CS924','2025-04-08'),('PES2UG22CS858','EC423','2025-04-08'),('PES2UG22CS858','HU327','2025-04-08'),('PES2UG22CS858','HU366','2025-04-08'),('PES2UG22CS858','HU394','2025-04-08'),('PES2UG22CS859','EC947','2025-04-08'),('PES2UG22CS859','HU398','2025-04-08'),('PES2UG22CS859','HU440','2025-04-08'),('PES2UG22CS859','IS227','2025-04-08'),('PES2UG22CS859','PH996','2025-04-08'),('PES2UG22CS866','CS408','2025-04-08'),('PES2UG22CS866','CS924','2025-04-08'),('PES2UG22CS866','EC947','2025-04-08'),('PES2UG22CS866','HU114','2025-04-08'),('PES2UG22CS866','IS991','2025-04-08'),('PES2UG22CS867','CS836','2025-04-08'),('PES2UG22CS867','HU327','2025-04-08'),('PES2UG22CS867','HU394','2025-04-08'),('PES2UG22CS867','HU398','2025-04-08'),('PES2UG22CS867','HU440','2025-04-08'),('PES2UG22CS870','CS408','2025-04-08'),('PES2UG22CS870','HU558','2025-04-08'),('PES2UG22CS870','IS740','2025-04-08'),('PES2UG22CS870','IS991','2025-04-08'),('PES2UG22CS870','PH996','2025-04-08'),('PES2UG22CS872','EC193','2025-04-08'),('PES2UG22CS872','HU327','2025-04-08'),('PES2UG22CS872','HU398','2025-04-08'),('PES2UG22CS872','HU755','2025-04-08'),('PES2UG22CS872','IS740','2025-04-08'),('PES2UG22CS875','CS726','2025-04-08'),('PES2UG22CS875','HU114','2025-04-08'),('PES2UG22CS875','HU308','2025-04-08'),('PES2UG22CS875','HU440','2025-04-08'),('PES2UG22CS875','IS740','2025-04-08'),('PES2UG22CS883','CS182','2025-04-08'),('PES2UG22CS883','HU327','2025-04-08'),('PES2UG22CS883','HU660','2025-04-08'),('PES2UG22CS883','IS433','2025-04-08'),('PES2UG22CS883','IS991','2025-04-08'),('PES2UG22CS893','CS295','2025-04-08'),('PES2UG22CS893','CS836','2025-04-08'),('PES2UG22CS893','EC947','2025-04-08'),('PES2UG22CS893','HU398','2025-04-08'),('PES2UG22CS893','HU660','2025-04-08'),('PES2UG22CS895','CS726','2025-04-08'),('PES2UG22CS895','EC827','2025-04-08'),('PES2UG22CS895','HU440','2025-04-08'),('PES2UG22CS895','IS227','2025-04-08'),('PES2UG22CS895','PH996','2025-04-08'),('PES2UG22CS896','EC193','2025-04-08'),('PES2UG22CS896','EC553','2025-04-08'),('PES2UG22CS896','EC827','2025-04-08'),('PES2UG22CS896','HU394','2025-04-08'),('PES2UG22CS896','HU440','2025-04-08'),('PES2UG22CS897','CS295','2025-04-08'),('PES2UG22CS897','EC193','2025-04-08'),('PES2UG22CS897','HU660','2025-04-08'),('PES2UG22CS897','HU755','2025-04-08'),('PES2UG22CS897','IS433','2025-04-08'),('PES2UG22CS906','CS295','2025-04-08'),('PES2UG22CS906','CS836','2025-04-08'),('PES2UG22CS906','EC423','2025-04-08'),('PES2UG22CS906','HU394','2025-04-08'),('PES2UG22CS906','IS991','2025-04-08'),('PES2UG22CS907','EC423','2025-04-08'),('PES2UG22CS907','HU366','2025-04-08'),('PES2UG22CS907','HU394','2025-04-08'),('PES2UG22CS907','HU660','2025-04-08'),('PES2UG22CS907','IS740','2025-04-08'),('PES2UG22CS914','CS726','2025-04-08'),('PES2UG22CS914','EC947','2025-04-08'),('PES2UG22CS914','HU394','2025-04-08'),('PES2UG22CS914','IS740','2025-04-08'),('PES2UG22CS914','MA922','2025-04-08'),('PES2UG22CS922','CS408','2025-04-08'),('PES2UG22CS922','CS836','2025-04-08'),('PES2UG22CS922','EC423','2025-04-08'),('PES2UG22CS922','HU308','2025-04-08'),('PES2UG22CS922','IS227','2025-04-08'),('PES2UG22CS924','EC827','2025-04-08'),('PES2UG22CS924','EC947','2025-04-08'),('PES2UG22CS924','HU755','2025-04-08'),('PES2UG22CS924','IS227','2025-04-08'),('PES2UG22CS924','MA922','2025-04-08'),('PES2UG22CS925','CS726','2025-04-08'),('PES2UG22CS925','EC947','2025-04-08'),('PES2UG22CS925','HU660','2025-04-08'),('PES2UG22CS925','IS991','2025-04-08'),('PES2UG22CS925','PH349','2025-04-08'),('PES2UG22CS930','CS924','2025-04-08'),('PES2UG22CS930','EC947','2025-04-08'),('PES2UG22CS930','HU394','2025-04-08'),('PES2UG22CS930','HU398','2025-04-08'),('PES2UG22CS930','IS740','2025-04-08'),('PES2UG22CS932','CS182','2025-04-08'),('PES2UG22CS932','CS836','2025-04-08'),('PES2UG22CS932','EC193','2025-04-08'),('PES2UG22CS932','HU398','2025-04-08'),('PES2UG22CS932','IS740','2025-04-08'),('PES2UG22CS936','CS295','2025-04-08'),('PES2UG22CS936','EC193','2025-04-08'),('PES2UG22CS936','EC553','2025-04-08'),('PES2UG22CS936','HU755','2025-04-08'),('PES2UG22CS936','MA665','2025-04-08'),('PES2UG22CS940','CS295','2025-04-08'),('PES2UG22CS940','HU308','2025-04-08'),('PES2UG22CS940','HU366','2025-04-08'),('PES2UG22CS940','HU440','2025-04-08'),('PES2UG22CS940','MA922','2025-04-08'),('PES2UG22CS941','CS295','2025-04-08'),('PES2UG22CS941','CS408','2025-04-08'),('PES2UG22CS941','CS836','2025-04-08'),('PES2UG22CS941','EC827','2025-04-08'),('PES2UG22CS941','HU440','2025-04-08'),('PES2UG22CS944','EC827','2025-04-08'),('PES2UG22CS944','HU308','2025-04-08'),('PES2UG22CS944','HU398','2025-04-08'),('PES2UG22CS944','IS433','2025-04-08'),('PES2UG22CS944','IS991','2025-04-08'),('PES2UG22CS945','EC947','2025-04-08'),('PES2UG22CS945','HU327','2025-04-08'),('PES2UG22CS945','HU398','2025-04-08'),('PES2UG22CS945','HU440','2025-04-08'),('PES2UG22CS945','IS991','2025-04-08'),('PES2UG22CS961','CS726','2025-04-08'),('PES2UG22CS961','HU398','2025-04-08'),('PES2UG22CS961','HU558','2025-04-08'),('PES2UG22CS961','IS227','2025-04-08'),('PES2UG22CS961','IS991','2025-04-08'),('PES2UG22CS970','CS182','2025-04-08'),('PES2UG22CS970','CS295','2025-04-08'),('PES2UG22CS970','CS408','2025-04-08'),('PES2UG22CS970','HU601','2025-04-08'),('PES2UG22CS970','HU660','2025-04-08'),('PES2UG22CS973','EC827','2025-04-08'),('PES2UG22CS973','EC947','2025-04-08'),('PES2UG22CS973','HU394','2025-04-08'),('PES2UG22CS973','HU440','2025-04-08'),('PES2UG22CS973','IS740','2025-04-08'),('PES2UG22CS977','CS295','2025-04-08'),('PES2UG22CS977','EC193','2025-04-08'),('PES2UG22CS977','HU114','2025-04-08'),('PES2UG22CS977','HU327','2025-04-08'),('PES2UG22CS977','HU398','2025-04-08'),('PES2UG22CS985','CS408','2025-04-08'),('PES2UG22CS985','CS924','2025-04-08'),('PES2UG22CS985','HU327','2025-04-08'),('PES2UG22CS985','HU398','2025-04-08'),('PES2UG22CS985','MA665','2025-04-08'),('PES2UG22CS987','CS182','2025-04-08'),('PES2UG22CS987','EC193','2025-04-08'),('PES2UG22CS987','HU327','2025-04-08'),('PES2UG22CS987','HU601','2025-04-08'),('PES2UG22CS987','MA922','2025-04-08'),('PES2UG22CS990','CS295','2025-04-08'),('PES2UG22CS990','EC827','2025-04-08'),('PES2UG22CS990','HU308','2025-04-08'),('PES2UG22CS990','HU394','2025-04-08'),('PES2UG22CS990','IS433','2025-04-08'),('PES2UG22CS998','CS182','2025-04-08'),('PES2UG22CS998','EC423','2025-04-08'),('PES2UG22CS998','HU308','2025-04-08'),('PES2UG22CS998','HU558','2025-04-08'),('PES2UG22CS998','HU660','2025-04-08');
/*!40000 ALTER TABLE `StudentEnrollments` ENABLE KEYS */;
UNLOCK TABLES;

--
-- Table structure for table `Students`
--

DROP TABLE IF EXISTS `Students`;
/*!40101 SET @saved_cs_client     = @@character_set_client */;
/*!50503 SET character_set_client = utf8mb4 */;
CREATE TABLE `Students` (
  `srn` varchar(13) COLLATE utf8mb4_unicode_ci NOT NULL,
  `name` varchar(100) COLLATE utf8mb4_unicode_ci NOT NULL,
  `year_of_study` int NOT NULL,
  PRIMARY KEY (`srn`),
  CONSTRAINT `Students_chk_1` CHECK ((`year_of_study` between 1 and 4))
) ENGINE=InnoDB DEFAULT CHARSET=utf8mb4 COLLATE=utf8mb4_unicode_ci;
/*!40101 SET character_set_client = @saved_cs_client */;

--
-- Dumping data for table `Students`
--

LOCK TABLES `Students` WRITE;
/*!40000 ALTER TABLE `Students` DISABLE KEYS */;
INSERT INTO `Students` VALUES ('PES2UG22CS001','Kristin Potts',3),('PES2UG22CS002','Charles Douglas',2),('PES2UG22CS003','William Fuentes',3),('PES2UG22CS004','Tina Fields',1),('PES2UG22CS013','Richard Price',1),('PES2UG22CS014','Jeremy Green',2),('PES2UG22CS015','Joseph Jones',1),('PES2UG22CS016','Javier Prince',4),('PES2UG22CS020','Michelle Roman',2),('PES2UG22CS023','Jill Sherman',3),('PES2UG22CS033','Erica Jimenez',4),('PES2UG22CS040','Jessica Thompson',4),('PES2UG22CS042','Caleb Fleming',4),('PES2UG22CS044','John Richards',1),('PES2UG22CS047','Melissa Acosta',3),('PES2UG22CS048','Laura Gregory',1),('PES2UG22CS052','Alexa Hernandez',4),('PES2UG22CS060','Taylor Perry',3),('PES2UG22CS066','Ebony Watson',2),('PES2UG22CS081','Kevin Taylor',3),('PES2UG22CS083','William Garcia',1),('PES2UG22CS084','Michael Montgomery',2),('PES2UG22CS086','Bradley Melton',3),('PES2UG22CS101','James Stone',1),('PES2UG22CS103','Kathy Santana',3),('PES2UG22CS118','Christian Johnson',4),('PES2UG22CS119','Nicholas Flores',1),('PES2UG22CS121','Danielle Castro',2),('PES2UG22CS122','Kimberly Moore',1),('PES2UG22CS134','Micheal Williams',1),('PES2UG22CS136','Andrew Wood',3),('PES2UG22CS137','Jamie Hutchinson',1),('PES2UG22CS139','Matthew Russo',2),('PES2UG22CS158','James Young',2),('PES2UG22CS159','Thomas Rivers',3),('PES2UG22CS162','Lori Bennett',2),('PES2UG22CS163','Dr. James Willis',2),('PES2UG22CS164','Mr. Dakota Lynch II',2),('PES2UG22CS166','Michele Hunt',2),('PES2UG22CS170','Robin Lopez',4),('PES2UG22CS174','Amanda Hernandez',1),('PES2UG22CS180','Jean Robinson',1),('PES2UG22CS187','William Martinez',3),('PES2UG22CS193','Gloria King',2),('PES2UG22CS196','Cindy Davis',2),('PES2UG22CS197','Elizabeth Russell',3),('PES2UG22CS204','Michael Fitzgerald',4),('PES2UG22CS209','Kim Jenkins',1),('PES2UG22CS211','Matthew Brown',1),('PES2UG22CS219','Joshua Hernandez',4),('PES2UG22CS229','Debbie Waters MD',2),('PES2UG22CS246','James Saunders',3),('PES2UG22CS257','Joshua Clark',1),('PES2UG22CS263','Margaret Jones',2),('PES2UG22CS266','Stephen Norton',3),('PES2UG22CS282','Paul Carter',3),('PES2UG22CS286','Brooke Hurst',1),('PES2UG22CS287','Heather Roberts',3),('PES2UG22CS288','Sherry Simpson',4),('PES2UG22CS295','Nicholas Kline',3),('PES2UG22CS310','Carrie Bishop',1),('PES2UG22CS318','Kaitlin Gregory',2),('PES2UG22CS319','Juan Yang',4),('PES2UG22CS320','Jasmine Williams',2),('PES2UG22CS323','Norma Mooney',1),('PES2UG22CS324','Theresa Estrada',2),('PES2UG22CS334','Jeffery Knight',3),('PES2UG22CS343','Joseph Freeman',2),('PES2UG22CS344','Travis Schultz',3),('PES2UG22CS351','Jennifer Torres',3),('PES2UG22CS356','Kelsey Davis',4),('PES2UG22CS361','Scott Scott',3),('PES2UG22CS366','Tina Spears',3),('PES2UG22CS368','Vanessa Cooper',1),('PES2UG22CS376','Miss Angela Swanson DVM',2),('PES2UG22CS382','Brenda Ford',4),('PES2UG22CS388','Brandi Meyer',1),('PES2UG22CS398','Andrea Murray',2),('PES2UG22CS407','Raymond Navarro',1),('PES2UG22CS412','Andrew Butler',2),('PES2UG22CS420','Marc Williams',3),('PES2UG22CS425','Richard Kirby',3),('PES2UG22CS426','Michael Simmons',3),('PES2UG22CS428','Cody Brown',1),('PES2UG22CS429','Jay Walsh',3),('PES2UG22CS446','Jesse Sparks',2),('PES2UG22CS453','Matthew Smith',1),('PES2UG22CS457','Melissa Flynn',2),('PES2UG22CS458','Adam Wood',1),('PES2UG22CS459','Rachel Lopez',4),('PES2UG22CS464','Amy Ortiz',1),('PES2UG22CS469','Stacy Chan',1),('PES2UG22CS470','Nicole Henson',3),('PES2UG22CS479','Andrew Gould',1),('PES2UG22CS483','Richard Jones',4),('PES2UG22CS488','Scott Love DDS',2),('PES2UG22CS494','Jenny Richardson',1),('PES2UG22CS499','John Neal',1),('PES2UG22CS507','Gary Perry',4),('PES2UG22CS521','Edward Ruiz',1),('PES2UG22CS534','Amber Lamb',1),('PES2UG22CS541','Katherine Ibarra',2),('PES2UG22CS542','Jesus Nguyen',1),('PES2UG22CS543','Regina Stewart',4),('PES2UG22CS551','Heather Kennedy',3),('PES2UG22CS558','Jennifer Osborne',2),('PES2UG22CS562','Douglas Allen',3),('PES2UG22CS572','Cindy Adams',4),('PES2UG22CS575','Albert Williams',4),('PES2UG22CS582','Willie Garcia',3),('PES2UG22CS583','Maureen Smith',1),('PES2UG22CS584','John Carter',2),('PES2UG22CS605','Joel Rivera',1),('PES2UG22CS609','Paul Roberts',4),('PES2UG22CS612','Blake Jones',2),('PES2UG22CS619','Danny Williams',2),('PES2UG22CS623','Jennifer Miller',3),('PES2UG22CS625','Austin Boyer',2),('PES2UG22CS627','Angela Jones',2),('PES2UG22CS636','Allen Bailey',4),('PES2UG22CS643','Marc Key',2),('PES2UG22CS649','Joshua Carter',1),('PES2UG22CS653','Larry Villarreal',1),('PES2UG22CS656','Victor Nolan',4),('PES2UG22CS660','Timothy Tucker',4),('PES2UG22CS661','Joseph Wright',4),('PES2UG22CS665','Joseph Lopez',2),('PES2UG22CS667','Alexandra Rose',2),('PES2UG22CS670','Susan Larson',3),('PES2UG22CS672','Charles Gonzalez',1),('PES2UG22CS674','Mark Black',1),('PES2UG22CS679','Austin Heath',4),('PES2UG22CS682','Ryan Rivera',4),('PES2UG22CS689','Richard Higgins',4),('PES2UG22CS690','Jermaine Fletcher',4),('PES2UG22CS692','Rebecca Stark',4),('PES2UG22CS693','Emily Howard',1),('PES2UG22CS695','Victoria Hernandez MD',3),('PES2UG22CS698','Allison Ruiz',4),('PES2UG22CS706','Lauren Foster',1),('PES2UG22CS708','William Roberts',3),('PES2UG22CS715','Stephanie Hayes',1),('PES2UG22CS716','Michelle Hughes',3),('PES2UG22CS719','Angel Anderson',2),('PES2UG22CS727','Susan Harris',1),('PES2UG22CS728','Patrick Rogers',2),('PES2UG22CS730','Lorraine Garcia',4),('PES2UG22CS733','Eric Owens PhD',3),('PES2UG22CS735','Karen Harris',4),('PES2UG22CS743','Susan Williams',3),('PES2UG22CS757','Rebecca Hill',4),('PES2UG22CS760','Beverly Levy',2),('PES2UG22CS767','Brenda Buchanan',1),('PES2UG22CS768','Jason Carroll',3),('PES2UG22CS773','Tracy Sanders',1),('PES2UG22CS774','Amy Lowe',2),('PES2UG22CS781','David Williams',4),('PES2UG22CS786','Sean Parks',4),('PES2UG22CS791','William Jenkins',1),('PES2UG22CS808','Michael Stewart',3),('PES2UG22CS812','Brooke Terry',2),('PES2UG22CS820','Dustin Greer',1),('PES2UG22CS829','Amy Davidson',2),('PES2UG22CS832','Julie Chen',1),('PES2UG22CS837','Shawn Gomez',3),('PES2UG22CS843','Edwin Mack',1),('PES2UG22CS849','Linda Petersen',4),('PES2UG22CS858','Hannah Wiggins',3),('PES2UG22CS859','Jennifer Morales',1),('PES2UG22CS866','Stephanie Bowman',1),('PES2UG22CS867','Christopher Smith',4),('PES2UG22CS870','Amanda Scott',3),('PES2UG22CS872','Christopher Hunter',4),('PES2UG22CS875','Rachel Martinez',2),('PES2UG22CS883','Paul Brown',4),('PES2UG22CS893','David Campbell',4),('PES2UG22CS895','Michael Mays',1),('PES2UG22CS896','Beverly Lozano',4),('PES2UG22CS897','Jeremy Parks',2),('PES2UG22CS906','Carla Perry',4),('PES2UG22CS907','Meredith Rios',4),('PES2UG22CS914','Mitchell Smith',1),('PES2UG22CS922','Jody Morgan',4),('PES2UG22CS924','Hannah Reyes',3),('PES2UG22CS925','Barbara Sanders',4),('PES2UG22CS930','Lauren Henry',2),('PES2UG22CS932','Terry Wells',4),('PES2UG22CS936','Rebecca Sandoval',1),('PES2UG22CS940','Jeremy Wood',4),('PES2UG22CS941','Jennifer Bates',3),('PES2UG22CS944','Ricky Torres',3),('PES2UG22CS945','Brian Cooper',1),('PES2UG22CS961','David Chavez',4),('PES2UG22CS970','Patrick Williams',4),('PES2UG22CS973','Steven Clark',4),('PES2UG22CS977','Todd Willis',4),('PES2UG22CS985','Crystal Gill',3),('PES2UG22CS987','Joseph Berry',4),('PES2UG22CS990','George Allen',3),('PES2UG22CS998','Melanie Patrick',4);
/*!40000 ALTER TABLE `Students` ENABLE KEYS */;
UNLOCK TABLES;

--
-- Table structure for table `TeacherAssignments`
--

DROP TABLE IF EXISTS `TeacherAssignments`;
/*!40101 SET @saved_cs_client     = @@character_set_client */;
/*!50503 SET character_set_client = utf8mb4 */;
CREATE TABLE `TeacherAssignments` (
  `trn` varchar(13) COLLATE utf8mb4_unicode_ci NOT NULL,
  `course_code` varchar(20) COLLATE utf8mb4_unicode_ci NOT NULL,
  PRIMARY KEY (`trn`,`course_code`),
  KEY `course_code` (`course_code`),
  CONSTRAINT `TeacherAssignments_ibfk_1` FOREIGN KEY (`trn`) REFERENCES `Teachers` (`trn`),
  CONSTRAINT `TeacherAssignments_ibfk_2` FOREIGN KEY (`course_code`) REFERENCES `Courses` (`course_code`)
) ENGINE=InnoDB DEFAULT CHARSET=utf8mb4 COLLATE=utf8mb4_unicode_ci;
/*!40101 SET character_set_client = @saved_cs_client */;

--
-- Dumping data for table `TeacherAssignments`
--

LOCK TABLES `TeacherAssignments` WRITE;
/*!40000 ALTER TABLE `TeacherAssignments` DISABLE KEYS */;
INSERT INTO `TeacherAssignments` VALUES ('TRN723','CS182'),('TRN748','CS182'),('TRN318','CS295'),('TRN339','CS295'),('TRN143','CS408'),('TRN144','CS408'),('TRN098','CS726'),('TRN104','CS726'),('TRN151','CS836'),('TRN224','CS836'),('TRN395','CS924'),('TRN415','CS924'),('TRN102','EC193'),('TRN992','EC193'),('TRN042','EC423'),('TRN076','EC423'),('TRN803','EC553'),('TRN819','EC553'),('TRN363','EC827'),('TRN367','EC827'),('TRN930','EC947'),('TRN932','EC947'),('TRN289','HU114'),('TRN311','HU114'),('TRN774','HU308'),('TRN777','HU308'),('TRN431','HU327'),('TRN484','HU327'),('TRN257','HU366'),('TRN266','HU366'),('TRN042','HU394'),('TRN076','HU394'),('TRN921','HU398'),('TRN924','HU398'),('TRN598','HU440'),('TRN617','HU440'),('TRN830','HU558'),('TRN850','HU558'),('TRN102','HU601'),('TRN992','HU601'),('TRN865','HU660'),('TRN871','HU660'),('TRN151','HU755'),('TRN224','HU755'),('TRN941','IS227'),('TRN989','IS227'),('TRN912','IS433'),('TRN914','IS433'),('TRN546','IS740'),('TRN574','IS740'),('TRN489','IS991'),('TRN498','IS991'),('TRN143','MA665'),('TRN144','MA665'),('TRN098','MA922'),('TRN104','MA922'),('TRN517','PH349'),('TRN524','PH349'),('TRN634','PH996'),('TRN701','PH996');
/*!40000 ALTER TABLE `TeacherAssignments` ENABLE KEYS */;
UNLOCK TABLES;

--
-- Table structure for table `Teachers`
--

DROP TABLE IF EXISTS `Teachers`;
/*!40101 SET @saved_cs_client     = @@character_set_client */;
/*!50503 SET character_set_client = utf8mb4 */;
CREATE TABLE `Teachers` (
  `trn` varchar(13) COLLATE utf8mb4_unicode_ci NOT NULL,
  `name` varchar(100) COLLATE utf8mb4_unicode_ci NOT NULL,
  PRIMARY KEY (`trn`)
) ENGINE=InnoDB DEFAULT CHARSET=utf8mb4 COLLATE=utf8mb4_unicode_ci;
/*!40101 SET character_set_client = @saved_cs_client */;

--
-- Dumping data for table `Teachers`
--

LOCK TABLES `Teachers` WRITE;
/*!40000 ALTER TABLE `Teachers` DISABLE KEYS */;
INSERT INTO `Teachers` VALUES ('TRN042','Stephanie Lawrence'),('TRN076','Brian Green'),('TRN098','Theodore Mcgrath'),('TRN102','Alex Woodward'),('TRN104','Elizabeth Woods'),('TRN143','Tasha Rodriguez'),('TRN144','Susan Wagner'),('TRN151','Desiree Cain'),('TRN224','Matthew Bell'),('TRN257','Susan Levy'),('TRN266','Stephanie Collins'),('TRN289','Janice Johnston'),('TRN311','Caroline Chambers'),('TRN318','Peter Mcdowell'),('TRN339','Walter Pratt'),('TRN363','Jacob Hooper'),('TRN367','Sarah Villanueva'),('TRN395','Jennifer Summers'),('TRN415','Autumn Robinson'),('TRN431','Brian Hamilton'),('TRN484','Charles Wolfe'),('TRN489','Whitney Stark'),('TRN498','Caleb Clark'),('TRN517','Cheryl Bradley'),('TRN524','William Gonzalez'),('TRN546','Jorge Sullivan'),('TRN574','Bobby Flores'),('TRN598','Faith Cabrera'),('TRN617','Kimberly Smith'),('TRN634','Lisa Johnston'),('TRN701','Norma Fisher'),('TRN723','Laurie Wallace'),('TRN748','Kenneth Kent'),('TRN774','Melanie Johnson'),('TRN777','Peter Montgomery'),('TRN803','Angela Salazar'),('TRN819','Jonathan Williams'),('TRN830','Sean Green'),('TRN850','Collin Lopez'),('TRN865','Dana Nguyen'),('TRN871','Michelle Kelley'),('TRN912','Stephanie Sutton'),('TRN914','Taylor Johnson'),('TRN921','Kimberly Myers'),('TRN924','April Snyder'),('TRN930','Mr. Ryan Sanchez'),('TRN932','Kimberly Maynard'),('TRN941','Mary Alvarez'),('TRN989','Nicholas Massey'),('TRN992','Lauren Hayes');
/*!40000 ALTER TABLE `Teachers` ENABLE KEYS */;
UNLOCK TABLES;
/*!40103 SET TIME_ZONE=@OLD_TIME_ZONE */;

/*!40101 SET SQL_MODE=@OLD_SQL_MODE */;
/*!40014 SET FOREIGN_KEY_CHECKS=@OLD_FOREIGN_KEY_CHECKS */;
/*!40014 SET UNIQUE_CHECKS=@OLD_UNIQUE_CHECKS */;
/*!40101 SET CHARACTER_SET_CLIENT=@OLD_CHARACTER_SET_CLIENT */;
/*!40101 SET CHARACTER_SET_RESULTS=@OLD_CHARACTER_SET_RESULTS */;
/*!40101 SET COLLATION_CONNECTION=@OLD_COLLATION_CONNECTION */;
/*!40111 SET SQL_NOTES=@OLD_SQL_NOTES */;

-- Dump completed on 2025-04-13 10:49:26
